Series Name,Series Code,Country Name,Country Code,1997 [YR1997],1998 [YR1998],1999 [YR1999],2000 [YR2000],2001 [YR2001],2002 [YR2002],2003 [YR2003],2004 [YR2004],2005 [YR2005],2006 [YR2006],2007 [YR2007],2008 [YR2008],2009 [YR2009],2010 [YR2010],2011 [YR2011],2012 [YR2012],2013 [YR2013],2014 [YR2014],2015 [YR2015],2016 [YR2016]
Total final energy consumption (TFEC) (TJ),1.1_TOTAL.FINAL.ENERGY.CONSUM,BES Islands,BES,..,..,..,..,..,..,..,..,..,..,..,..,..,..,..,3649.2135,3709.1935,3718.9135,3797.7535,..
Total final energy consumption (TFEC) (TJ),1.1_TOTAL.FINAL.ENERGY.CONSUM,Nauru,NRU,1110.4,1070,973.4,901.6,825,784.6,650.2,582.29,592.45,433.86,410.271,416.085,383.494,388.257,350.183,352.343,398.973,422.911,432.4006,..
Total final energy consumption (TFEC) (TJ),1.1_TOTAL.FINAL.ENERGY.CONSUM,Niue,NIU,54.78076,56.08258,56.51258,56.94258,59.29077,56.0944,55.72282,50.09382,47.6748447,68.2800901,58.959554,90.0917886,64.975616,62.2440293,66.5392626,68.6488271,70.4090083,71.8704691,74.35236,..
Total final energy consumption (TFEC) (TJ),1.1_TOTAL.FINAL.ENERGY.CONSUM,Wallis and Futuna,WLF,0,0,0,0,73.60468,198.349766,195.791269,195.2825,195.2080665,191.0912201,197.8528,183.1366,185.3057,182.8696,186.007,176.3788,172.8164,171.249,169.378212992085,..
Total final energy consumption (TFEC) (TJ),1.1_TOTAL.FINAL.ENERGY.CONSUM,Caucasian and Central Asia,CCA,..,..,..,..,..,..,..,..,..,..,..,..,..,..,..,..,..,..,..,..
Total final energy consumption (TFEC) (TJ),1.1_TOTAL.FINAL.ENERGY.CONSUM,Caucasus and Central Asia,GCA,..,..,..,..,..,..,..,..,..,..,..,..,..,..,..,..,..,..,..,..
Total final energy consumption (TFEC) (TJ),1.1_TOTAL.FINAL.ENERGY.CONSUM,Eastern Asia (including Japan),GEJ,..,..,..,..,..,..,..,..,..,..,..,..,..,..,..,..,..,..,..,..
Total final energy consumption (TFEC) (TJ),1.1_TOTAL.FINAL.ENERGY.CONSUM,Eastern Asia (not including Japan),GEA,..,..,..,..,..,..,..,..,..,..,..,..,..,..,..,..,..,..,..,..
Total final energy consumption (TFEC) (TJ),1.1_TOTAL.FINAL.ENERGY.CONSUM,Eastern Europe,GEE,..,..,..,..,..,..,..,..,..,..,..,..,..,..,..,..,..,..,..,..
Total final energy consumption (TFEC) (TJ),1.1_TOTAL.FINAL.ENERGY.CONSUM,Europe,GEU,..,..,..,..,..,..,..,..,..,..,..,..,..,..,..,..,..,..,..,..
Total final energy consumption (TFEC) (TJ),1.1_TOTAL.FINAL.ENERGY.CONSUM,High income,HIC,..,..,..,..,..,..,..,..,..,..,..,..,..,..,..,..,..,..,..,..
Total final energy consumption (TFEC) (TJ),1.1_TOTAL.FINAL.ENERGY.CONSUM,High income: nonOECD,NOC,..,..,..,..,..,..,..,..,..,..,..,..,..,..,..,..,..,..,..,..
Total final energy consumption (TFEC) (TJ),1.1_TOTAL.FINAL.ENERGY.CONSUM,High income: OECD,OEC,..,..,..,..,..,..,..,..,..,..,..,..,..,..,..,..,..,..,..,..
Total final energy consumption (TFEC) (TJ),1.1_TOTAL.FINAL.ENERGY.CONSUM,Latin America and Caribbean,GLC,..,..,..,..,..,..,..,..,..,..,..,..,..,..,..,..,..,..,..,..
Total final energy consumption (TFEC) (TJ),1.1_TOTAL.FINAL.ENERGY.CONSUM,Low & middle income,LMY,..,..,..,..,..,..,..,..,..,..,..,..,..,..,..,..,..,..,..,..
Total final energy consumption (TFEC) (TJ),1.1_TOTAL.FINAL.ENERGY.CONSUM,Low income,LIC,..,..,..,..,..,..,..,..,..,..,..,..,..,..,..,..,..,..,..,..
Total final energy consumption (TFEC) (TJ),1.1_TOTAL.FINAL.ENERGY.CONSUM,Lower middle income,LMC,..,..,..,..,..,..,..,..,..,..,..,..,..,..,..,..,..,..,..,..
Total final energy consumption (TFEC) (TJ),1.1_TOTAL.FINAL.ENERGY.CONSUM,Middle income,MIC,..,..,..,..,..,..,..,..,..,..,..,..,..,..,..,..,..,..,..,..
Total final energy consumption (TFEC) (TJ),1.1_TOTAL.FINAL.ENERGY.CONSUM,Northern America,GNA,..,..,..,..,..,..,..,..,..,..,..,..,..,..,..,..,..,..,..,..
Total final energy consumption (TFEC) (TJ),1.1_TOTAL.FINAL.ENERGY.CONSUM,Not classified,LNX,..,..,..,..,..,..,..,..,..,..,..,..,..,..,..,..,..,..,..,..
Total final energy consumption (TFEC) (TJ),1.1_TOTAL.FINAL.ENERGY.CONSUM,Nothern America,NAR,..,..,..,..,..,..,..,..,..,..,..,..,..,..,..,..,..,..,..,..
Total final energy consumption (TFEC) (TJ),1.1_TOTAL.FINAL.ENERGY.CONSUM,Oceania,GCN,..,..,..,..,..,..,..,..,..,..,..,..,..,..,..,..,..,..,..,..
Total final energy consumption (TFEC) (TJ),1.1_TOTAL.FINAL.ENERGY.CONSUM,Oceania (not including Australia and New Zealand),GOC,..,..,..,..,..,..,..,..,..,..,..,..,..,..,..,..,..,..,..,..
Total final energy consumption (TFEC) (TJ),1.1_TOTAL.FINAL.ENERGY.CONSUM,South Eastern Asia,GSE,..,..,..,..,..,..,..,..,..,..,..,..,..,..,..,..,..,..,..,..
Total final energy consumption (TFEC) (TJ),1.1_TOTAL.FINAL.ENERGY.CONSUM,Southern Asia,GSA,..,..,..,..,..,..,..,..,..,..,..,..,..,..,..,..,..,..,..,..
Total final energy consumption (TFEC) (TJ),1.1_TOTAL.FINAL.ENERGY.CONSUM,Sub-Saharan Africa,GSS,..,..,..,..,..,..,..,..,..,..,..,..,..,..,..,..,..,..,..,..
Total final energy consumption (TFEC) (TJ),1.1_TOTAL.FINAL.ENERGY.CONSUM,Upper middle income,UMC,..,..,..,..,..,..,..,..,..,..,..,..,..,..,..,..,..,..,..,..
Total final energy consumption (TFEC) (TJ),1.1_TOTAL.FINAL.ENERGY.CONSUM,Western Asia,GWA,..,..,..,..,..,..,..,..,..,..,..,..,..,..,..,..,..,..,..,..
Total final energy consumption (TFEC) (TJ),1.1_TOTAL.FINAL.ENERGY.CONSUM,World,GWL,..,..,..,..,..,..,..,..,..,..,..,..,..,..,..,..,..,..,..,..
Total final energy consumption (TFEC) (TJ),1.1_TOTAL.FINAL.ENERGY.CONSUM,Afghanistan,AFG,23800.613025,23255.344635,20630.12407,20834.695115,21293.62368,27408.69361,29887.07043,25820.43991,32417.960535,38571.43487,45095.50226,71744.09407,94612.818115,131933.665755,177965.10328,161457.19862,135133.431635,126583.77332,136426.63526,..
Total final energy consumption (TFEC) (TJ),1.1_TOTAL.FINAL.ENERGY.CONSUM,Albania,ALB,34537.038804,38503.989936,61199.209224,61700.913468,63173.36916,71985.787668,70449.148332,79323.866424,76150.14642,69484.844556,68985.27558,72127.217772,76380.462288,78905.563236,81413.456436,74604.840408,81753.424596,85709.531916,81717.669324,..
Total final energy consumption (TFEC) (TJ),1.1_TOTAL.FINAL.ENERGY.CONSUM,Algeria,DZA,487243.748556,511261.45236,540859.867488,557786.346264,567020.375532,616276.319076,680884.42086,711797.156244,779688.50472,804447.230256,875230.44336,906123.207708,976334.001516,1017973.444104,1093661.200332,1191925.898748,1263125.279772,1314500.07906,1413989.835156,..
Total final energy consumption (TFEC) (TJ),1.1_TOTAL.FINAL.ENERGY.CONSUM,American Samoa,ASM,457.2,482.4,500.4,525.6,532.8,561.96,595.44,598.68,602.28,603.36,582.12,599.76,569.88,510.48,490.68,483.48,487.8396,485.1684,561.06,..
Total final energy consumption (TFEC) (TJ),1.1_TOTAL.FINAL.ENERGY.CONSUM,Andorra,AND,7657.9456953,8107.877783,8504.90246785988,8726.09842445988,8776.12258495486,8962.05912844985,9087.87279345486,9616.47997113982,9827.60660420481,9458.98741924995,9400.12399262497,9411.10264738997,9068.16453602498,9128.96469989488,8665.6249,8664.1322915,8488.8807698,8250.474483,8317.479833481,..
Total final energy consumption (TFEC) (TJ),1.1_TOTAL.FINAL.ENERGY.CONSUM,Angola,AGO,214373.705904,210244.641876,223692.476004,224833.169664,233109.803376,244606.295628,268912.260612,283879.06578,269964.277848,304594.72416,327228.523092,357847.093908,380224.200132,402508.317528,423581.570496,434033.121204,461798.848368,470738.294388,491789.189844,..
Total final energy consumption (TFEC) (TJ),1.1_TOTAL.FINAL.ENERGY.CONSUM,Anguilla,AIA,839.667,857.467,916.827,951.187,1034.107,979.567,1081.847,1289.917,1303.917,1567.497,1562.097,1580.287,1550.777,1565.747,1456.167,1454.727,1260.797,1425.767,1618.957,..
Total final energy consumption (TFEC) (TJ),1.1_TOTAL.FINAL.ENERGY.CONSUM,Antigua and Barbuda,ATG,2832.7,2950.4,3064.2,3136,3182.8,3274.3,3544.3,3661.5,3759.6,3989.8,4139.74,4244.17,4605.39,4412.85,4337.15,4492.95,4456.95,4528.41,4701.1,..
Total final energy consumption (TFEC) (TJ),1.1_TOTAL.FINAL.ENERGY.CONSUM,Argentina,ARG,1713772.544472,1786683.740544,1788898.683348,1798155.86562,1739062.993608,1659976.39314,1777076.332452,1874538.1701,1929296.531808,2065155.889068,2097408.44232,2203584.685488,2092699.087812,2181084.403608,2250652.85856,2281795.95168,2278981.79406,2333314.818756,2385146.90034,..
Total final energy consumption (TFEC) (TJ),1.1_TOTAL.FINAL.ENERGY.CONSUM,Armenia,ARM,40510.806912,40283.379936,39457.324296,45356.776704,45878.451984,46138.159188,53646.766308,60484.145652,70126.346052,72798.82236,82041.978852,90912.845088,78449.830056,74672.122284,82083.093228,86677.143264,86396.041512,82616.031,85141.759968,..
Total final energy consumption (TFEC) (TJ),1.1_TOTAL.FINAL.ENERGY.CONSUM,Aruba,ABW,5095.04095,5293.98792,5210.618325,5367.133765,5374.66252,5536.032855,5621.33215,5738.34785,5936.448375,5948.259955,6078.62398,6092.51983,6175.562715,6226.001605,6266.36809,6289.71356,6355.381695,6415.29269,6507.92966,..
Total final energy consumption (TFEC) (TJ),1.1_TOTAL.FINAL.ENERGY.CONSUM,Australia,AUS,2573019.29268,2609090.207532,2652894.518796,2727898.696188,2751918.242184,2773429.978716,2770027.7013,2829457.401372,2815415.920872,2843578.179864,2931287.788008,2979152.164836,2973610.8513,3019031.644176,3087441.946512,3113111.384784,3191696.950896,3178199.963736,3233353.350024,..
Total final energy consumption (TFEC) (TJ),1.1_TOTAL.FINAL.ENERGY.CONSUM,Austria,AUT,886383.534276,908527.100796,917290.450008,918644.544864,978369.3306,982292.404068,1038803.48586,1051952.005656,1073247.787044,1068752.168676,1053752.371524,1062877.209048,1029673.247364,1086040.470708,1045519.53174,1044662.49378,1076750.96634,1026838.993104,1053513.263376,..
Total final energy consumption (TFEC) (TJ),1.1_TOTAL.FINAL.ENERGY.CONSUM,Azerbaijan,AZE,263263.220712,240963.444684,234192.42612,245041.639092,245775.878208,260924.348628,267594.29784,268041.86676,284915.843064,288625.347864,260098.586064,303223.840236,259134.994044,267149.65968,290811.946032,298960.379928,311835.124872,330637.918068,332414.084232,..
Total final energy consumption (TFEC) (TJ),1.1_TOTAL.FINAL.ENERGY.CONSUM,"Bahamas, The",BHS,12064.5,16508.54,16832.6,16828.3,15931.555,15755.587,15696.9635,15741.54605,14732.07302,13169.57367,13868.4875893,12939.046748,14503.2217228,16696.8254908,19701.1204808,23501.4648208,33444.90443,25800.02623,25636.48881,..
Total final energy consumption (TFEC) (TJ),1.1_TOTAL.FINAL.ENERGY.CONSUM,Bahrain,BHR,67897.419336,72331.701084,71371.793448,72941.257296,77321.864268,82494.19512,87163.10514,91263.992004,107917.9101,114616.287684,120207.717216,126332.586936,125552.376756,140457.51036,141201.50472,140139.146088,170118.015732,184581.944352,191733.4593,..
Total final energy consumption (TFEC) (TJ),1.1_TOTAL.FINAL.ENERGY.CONSUM,Bangladesh,BGD,496945.150308,502907.069772,511066.305612,534147.087312,576925.674444,602080.05258,632100.706488,648625.461804,675708.48936,710968.002372,741143.191068,781742.506932,821040.397884,886089.74652,934253.898228,964786.472172,974607.867612,1013717.64564,1111053.711816,..
Total final energy consumption (TFEC) (TJ),1.1_TOTAL.FINAL.ENERGY.CONSUM,Barbados,BRB,9823.48004,10023.429665,10767.28657,11147.302375,10774.544265,10843.4079942,10766.7786667363,11065.9517068,11494.6326490337,11718.3383444674,12002.2586984365,13226.9333518783,13154.7509438308,13129.1339297122,12330.335237872,12406.9419156286,11518.24046,11634.0628386,11307.928725,..
Total final energy consumption (TFEC) (TJ),1.1_TOTAL.FINAL.ENERGY.CONSUM,Belarus,BLR,690191.760996,694422.354924,670994.278164,628147.90674,631055.304396,623666.481624,635720.655636,639549.274896,660173.99598,689354.694072,679453.288884,695059.292808,671619.409272,713427.5799,711596.231712,735681.217392,738221.851368,712310.12298,657957.29472,..
Total final energy consumption (TFEC) (TJ),1.1_TOTAL.FINAL.ENERGY.CONSUM,Belgium,BEL,1415348.451756,1442855.895228,1432361.974104,1453551.2433,1501271.510472,1417123.654956,1468020.531024,1473503.689908,1428974.51796,1431371.544696,1392944.675616,1438424.12556,1380648.002148,1473452.317872,1356267.135312,1369680.512076,1428068.578176,1332216.94194,1394807.801616,..
Total final energy consumption (TFEC) (TJ),1.1_TOTAL.FINAL.ENERGY.CONSUM,Belize,BLZ,7475.885,6929.6921,7160.4053,8416.133322,8793.641514,8665.82183,8225.928314,7935.848782,8329.020987,9732.039088,9624.811976,9221.551772,11036.0378036,10556.3177621,11883.7173441,10428.2979144,10624.0534726,10777.772969029,12219.9499269,..
Total final energy consumption (TFEC) (TJ),1.1_TOTAL.FINAL.ENERGY.CONSUM,Benin,BEN,85498.810272,84494.43882,83628.482976,69557.150592,75283.311348,80978.740992,85916.611044,89805.645828,94697.168004,108200.435364,117201.846024,119843.005068,127523.982744,126785.975508,126596.732148,126086.361228,136694.163312,141200.24868,150352.426008,..
Total final energy consumption (TFEC) (TJ),1.1_TOTAL.FINAL.ENERGY.CONSUM,Bermuda,BMU,4618,4487.4,4465.4,4487.6,4513,4773.3,4613.3,4622.2,4873.34,5383.22,5021.94,4840.56,4845.77086,4867.24359,4711.516148,4475.724178,4857.806334,5290.4689,5228.374598,..
Total final energy consumption (TFEC) (TJ),1.1_TOTAL.FINAL.ENERGY.CONSUM,Bhutan,BTN,41393.35896,42499.27331,43135.20591,43965.3834,44411.0844,45688.314,45882.76975,45994.21435,47139.28758,48566.1495,50656.511,52665.37575,54377.4382,56604.8558,58815.395,60729.83795,62276.04265,63389.0701,62845.24925,..
Total final energy consumption (TFEC) (TJ),1.1_TOTAL.FINAL.ENERGY.CONSUM,Bolivia,BOL,113910.100128,117324.18432,117854.02386,115436.398068,114969.31866,118992.875328,124426.629972,135570.719268,140411.790504,153144.854136,164870.071272,178398.668772,186684.513444,205327.957032,222464.403828,247344.546564,256700.45358,272028.077172,278473.27896,..
Total final energy consumption (TFEC) (TJ),1.1_TOTAL.FINAL.ENERGY.CONSUM,Bosnia and Herzegovina,BIH,58719.576924,65418.917472,63234.747648,92102.90112,92356.41186,92304.202464,89421.004512,100137.454056,105706.526076,109821.983004,114988.494204,135365.147388,120946.310604,127502.965008,131607.285048,127187.698968,122047.52274,173371.703616,180007.48854,..
Total final energy consumption (TFEC) (TJ),1.1_TOTAL.FINAL.ENERGY.CONSUM,Botswana,BWA,48805.31826,56310.910884,57079.90044,58735.36116,63751.063824,65032.978248,63764.001036,59410.398924,62033.805936,66079.00836,71400.43116,74162.504988,72646.380972,69442.47414,71313.848136,73387.90512,76302.252864,78911.801568,80179.773948,..
Total final energy consumption (TFEC) (TJ),1.1_TOTAL.FINAL.ENERGY.CONSUM,Brazil,BRA,5502200.199192,5680942.604244,5804426.576196,5850772.735608,5854749.73506,6098574.564468,6193283.832324,6546518.077464,6658619.479992,6855296.628996,7285773.984696,7572616.467516,7406463.560724,8125271.764776,8441443.493352,8708681.201436,8886223.125324,9055499.217444,8876778.83496,..
Total final energy consumption (TFEC) (TJ),1.1_TOTAL.FINAL.ENERGY.CONSUM,British Virgin Islands,VGB,811.39355,830.04824,807.34636,826.54941,841.96419,897.35366,989.36844,1048.35791,1091.73873,1201.68747,1238.4609,1313.83433,1390.26657,1428.54757,1465.55043,1462.46467,1463.37156,1507.454125,1511.995825,..
Total final energy consumption (TFEC) (TJ),1.1_TOTAL.FINAL.ENERGY.CONSUM,Brunei Darussalam,BRN,25437.908232,23906.167452,23144.253588,23137.680312,22406.832504,23378.588784,24592.760784,25371.631188,25308.494244,58325.68278,59703.684264,62900.012988,45406.180944,34960.40802,37417.347864,39743.031528,38152.466208,38386.759536,38929.996836,..
Total final energy consumption (TFEC) (TJ),1.1_TOTAL.FINAL.ENERGY.CONSUM,Bulgaria,BGR,421700.315652,409708.818036,359744.426064,358729.00146,358730.67618,358101.316404,382054.124808,380532.013668,398750.706396,415432.759788,410970.259008,402409.927728,354184.85808,364001.731776,380994.864408,380311.411176,361138.630464,370644.8436,391131.190944,..
Total final energy consumption (TFEC) (TJ),1.1_TOTAL.FINAL.ENERGY.CONSUM,Burkina Faso,BFA,104286.2941533,106050.2326293,74117.6118863,77090.3203237,68273.4588988,55795.9367677,57311.1908,74541.9805699,97866.26331,105265.73673,113315.20147,121580.46745,122119.5080746,127045.780246,129791.6689804,136984.7096492,141587.6877979,143716.6304929,146862.6533445,..
Total final energy consumption (TFEC) (TJ),1.1_TOTAL.FINAL.ENERGY.CONSUM,Burundi,BDI,63548.88705,65632.69525,50664.815776,52531.4948154,74884.2099208,76252.8887626,77005.489622,78205.8355388,79635.42044,81224.821486,82712.069446,84019.525295,85294.939042,86990.535716,88662.511793,55723.209786,52640.755068,52244.174811,51690.014688,..
Total final energy consumption (TFEC) (TJ),1.1_TOTAL.FINAL.ENERGY.CONSUM,Cambodia,KHM,112142.893716,126055.797588,124825.757616,123191.440236,123997.189896,144442.841544,148248.349668,119610.302724,119650.328532,119028.086316,121975.802856,122360.611644,182438.679564,190154.282076,199258.39494,210067.707708,218031.461856,229567.854312,246145.572648,..
Total final energy consumption (TFEC) (TJ),1.1_TOTAL.FINAL.ENERGY.CONSUM,Cameroon,CMR,229269.209868,235832.060736,237377.450484,247251.097188,249871.824648,265430.433996,273003.475968,281032.46046,285120.912528,252048.960648,221977.43712,228013.295472,240299.878752,242839.717236,249441.547212,257152.669848,265545.989676,274986.846864,284268.940596,..
Total final energy consumption (TFEC) (TJ),1.1_TOTAL.FINAL.ENERGY.CONSUM,Canada,CAN,6903756.829332,6775694.633448,6962664.686652,7181939.544372,6925804.434396,7126272.94014,7311590.630856,7414209.685008,7242928.659972,7064189.227548,7325548.91964,7257781.1655,6882160.645044,6936183.762804,7189592.093676,7175437.653312,7325247.804984,7346681.499564,7205757.621552,..
Total final energy consumption (TFEC) (TJ),1.1_TOTAL.FINAL.ENERGY.CONSUM,Cape Verde,CPV,2150.9395,2301.8741,2689.5746,2994.3401,3142.9141,3267.3151,4163.047875,4469.668675,5883.169875,6401.377375,6574.861375,6072.668375,6556.018375,6463.49665,6898.13545,6708.3666,6545.46375,6392.9186,6499.4788,..
Total final energy consumption (TFEC) (TJ),1.1_TOTAL.FINAL.ENERGY.CONSUM,Cayman Islands,CYM,2671,3002.8,3076.1,3246.2,3369.7,3476.5,3676.5,3411.9,3679.2,4000.5,4550.1,4862.1,4632.585125,4481.564105,4803.790215,4427.48635,4547.172375,4578.516375,4692.328375,..
Total final energy consumption (TFEC) (TJ),1.1_TOTAL.FINAL.ENERGY.CONSUM,Central African Republic,CAF,25983.365,26815.665,21112.89,21196.29,21245.49,21245.49,21082.341,21197.541,21229.941,21466.041,17450.796,17429.896,17426.296,17362.25437,17488.9875,17600.246,17633.412,17704.9045,17654.481,..
Total final energy consumption (TFEC) (TJ),1.1_TOTAL.FINAL.ENERGY.CONSUM,Chad,TCD,44354.8534,45577.6148,46839.663,48040.9055,48858.1237,49743.45445,53612.434,54408.86425,55779.1434,56596.0109,58163.58625,59524.47075,59831.62526,60876.75009,61729.96207,62627.644472,64327.0149834,65465.82133,66381.56766,..
Total final energy consumption (TFEC) (TJ),1.1_TOTAL.FINAL.ENERGY.CONSUM,Channel Islands,CHI,0,0,0,0,0,0,0,0,0,0,0,0,0,0,0,0,0,0,0,..
Total final energy consumption (TFEC) (TJ),1.1_TOTAL.FINAL.ENERGY.CONSUM,Chile,CHL,710110.629468,698709.889332,720820.380132,753014.443788,754052.895792,761939.61282,761392.984212,796620.426336,812680.404984,843631.114644,887478.759288,904247.353836,901772.787564,956080.230912,1019903.810112,1014321.340332,1089062.209872,1017134.744328,1043328.5793,..
Total final energy consumption (TFEC) (TJ),1.1_TOTAL.FINAL.ENERGY.CONSUM,China,CHN,30299473.393452,30588524.329536,29708163.800136,30187188.734688,30940867.037484,32272543.96596,35505254.390976,41469975.075384,45785223.210492,49175114.02056,52829271.794772,54691192.121976,56930962.315032,61093297.293516,65459079.099792,67426526.339352,69906541.019796,71536310.655768,73183146.5259,..
Total final energy consumption (TFEC) (TJ),1.1_TOTAL.FINAL.ENERGY.CONSUM,Colombia,COL,869432.855796,851604.12162,803184.575112,808490.088072,814895.93394,802343.405124,811386.55818,821107.805364,840376.254456,863945.175168,885407.29812,928834.085628,891173.9871,909914.187636,1026021.897216,1015172.056224,1036340.935704,1055799.507384,1068688.696788,..
Total final energy consumption (TFEC) (TJ),1.1_TOTAL.FINAL.ENERGY.CONSUM,Comoros,COM,2332.48547,2056.40958,2135.463855,2262.703345,2339.21125,2379.047735,2762.70403,2909.17877,2824.75763,3018.466335,2628.30851,2651.667515,2784.92393,3068.555155,3052.3359,3114.14325,3474.0981,3363.1366,3546.64845,..
Total final energy consumption (TFEC) (TJ),1.1_TOTAL.FINAL.ENERGY.CONSUM,"Congo, Dem. Rep.",COD,521497.13166,539262.728892,556896.148848,572122.45188,591400.865556,611337.318588,634631.501484,656936.050464,683352.078912,710335.921176,736253.17614,762006.224808,788770.30194,799117.224516,848593.39374,699300.018792,800488.778328,900592.109964,900161.246376,..
Total final energy consumption (TFEC) (TJ),1.1_TOTAL.FINAL.ENERGY.CONSUM,"Congo, Rep.",COG,22062.3426,22111.286292,21509.308188,19617.502608,22572.546048,22255.814628,26533.970604,28373.399316,30868.564644,45199.687968,37823.634936,43273.801836,46965.052188,51671.894616,72884.568024,75634.667604,80895.758616,83196.279612,85165.457256,..
Total final energy consumption (TFEC) (TJ),1.1_TOTAL.FINAL.ENERGY.CONSUM,Cook Islands,COK,464.2,464.2,471.4,482.2,442.8,380.42,440.54,473.16,495.54,534.57,574.11,586.42,548.75,630.66,691.28,723.55,717.81,750.08,693.62,..
Total final energy consumption (TFEC) (TJ),1.1_TOTAL.FINAL.ENERGY.CONSUM,Costa Rica,CRI,80104.872096,83611.777644,88338.674844,92251.867464,96598.393884,99711.195948,104599.368684,117223.533648,122767.275528,130630.169664,143803.433448,145037.24154,140831.684676,144526.493808,143534.473416,142391.225808,144973.39284,146503.375164,151721.844552,..
Total final energy consumption (TFEC) (TJ),1.1_TOTAL.FINAL.ENERGY.CONSUM,Cote d'Ivoire,CIV,149010.72408,148092.433236,180217.624032,179901.98118,178611.776892,179831.349864,170888.680008,212582.927808,210231.076644,225219.862512,227403.194976,231774.54912,220008.468816,238017.193524,265994.31222,288915.534972,305030.653776,315854.536608,282467.653632,..
Total final energy consumption (TFEC) (TJ),1.1_TOTAL.FINAL.ENERGY.CONSUM,Croatia,HRV,243780.742404,247385.828412,254344.080672,247723.284492,260201.162664,263807.797788,282139.366644,289324.250388,298839.883824,299570.731632,300558.272148,304896.3831,295984.402488,297224.783856,286614.595296,273407.04162,269624.853972,255775.7988,270439.605252,..
Total final energy consumption (TFEC) (TJ),1.1_TOTAL.FINAL.ENERGY.CONSUM,Cuba,CUB,385060.41468,370475.655012,394379.938404,399065.135076,406312.109064,322705.899864,292350.00888,290006.0289,279918.729792,276793.32546,275201.839044,256946.469948,303147.682344,312981.470712,296126.335008,302813.408232,290954.590308,298554.302196,299420.25804,..
Total final energy consumption (TFEC) (TJ),1.1_TOTAL.FINAL.ENERGY.CONSUM,Curacao,CUW,27846.951084,28835.077752,29940.43482,30958.832052,31324.883976,31386.597408,31646.053404,32322.472812,33020.119296,33843.202308,35009.309844,35613.800028,34571.4543,35240.672412,35589.558456,24072.84396,24163.613784,24604.14888,24714.219852,..
Total final energy consumption (TFEC) (TJ),1.1_TOTAL.FINAL.ENERGY.CONSUM,Cyprus,CYP,50708.260728,53065.136052,54617.392152,56793.73266,57250.051992,58345.235136,61595.699184,63311.449824,63476.451612,64390.68126,67582.195164,69442.306668,68837.983956,68278.041324,66928.384476,61858.253412,56958.315768,57181.63968,58918.659264,..
Total final energy consumption (TFEC) (TJ),1.1_TOTAL.FINAL.ENERGY.CONSUM,Czech Republic,CZE,1052952.692724,1013382.617904,976938.70104,1005138.47376,1028910.203064,1003249.640808,1047597.691788,1059999.035256,1052239.1364,1058592.061116,1035956.085048,1035789.952824,1003267.81152,1010251.226448,976896.079416,976261.821084,967528.86804,937476.352584,962826.338016,..
Total final energy consumption (TFEC) (TJ),1.1_TOTAL.FINAL.ENERGY.CONSUM,Denmark,DNK,602900.414172,599621.731092,596147.063904,583246.612008,599648.317272,590297.685624,603211.995828,608641.3962,612556.26354,619249.91004,620661.238452,612456.952644,586539.237132,615520.51794,584450.358876,560788.951752,553546.03896,528100.050204,546907.700088,..
Total final energy consumption (TFEC) (TJ),1.1_TOTAL.FINAL.ENERGY.CONSUM,Djibouti,DJI,4945.1775,4973.540665,5000.82332,5456.206615,5441.49922,5418.816205,5454.067255,5440.895465,5638.25774,5754.821275,5945.0695,5936.0975,6009.6395,5926.3045,6011.519,6171.7005,6273.529875,6333.843795,4947.13949,..
Total final energy consumption (TFEC) (TJ),1.1_TOTAL.FINAL.ENERGY.CONSUM,Dominica,DMA,1174.80718,1192.568215,1242.60257,1533.89773,1628.95406,1319.03615,1487.861615,1453.687945,1369.97341,1409.991365,1407.09932,1400.36791,1380.045,1388.070225,1368.929495,1383.510765,1451.367185,1498.534975,1495.08353,..
Total final energy consumption (TFEC) (TJ),1.1_TOTAL.FINAL.ENERGY.CONSUM,Dominican Republic,DOM,155598.44454,172220.24988,183196.029816,196250.890896,189902.864736,233241.896916,201782.072376,192534.729084,205303.213044,212696.934372,216343.092888,210579.418404,213506.242812,222103.04112,216938.707056,233787.018276,249437.61162,219555.498924,226654.93008,..
Total final energy consumption (TFEC) (TJ),1.1_TOTAL.FINAL.ENERGY.CONSUM,Ecuador,ECU,275182.496028,274206.30174,235251.225972,258007.15386,262872.969084,271134.069768,273646.149768,302869.302012,309819.390012,321954.494868,328332.289176,352608.695352,372585.969684,395924.239584,428053.031028,446827.270248,464576.915772,501882.057396,494684.110836,..
Total final energy consumption (TFEC) (TJ),1.1_TOTAL.FINAL.ENERGY.CONSUM,"Egypt, Arab Rep.",EGY,1086840.400716,1118140.456968,1175306.438016,1183682.633832,1318451.957712,1320196.932216,1328790.716028,1308725.267688,1544081.205528,1646457.132204,1842116.135184,1860717.627036,1865302.173036,1938258.628416,2031245.028072,2041822.18278,2033091.65808,2020801.09734,2086104.91968,..
Total final energy consumption (TFEC) (TJ),1.1_TOTAL.FINAL.ENERGY.CONSUM,El Salvador,SLV,113952.219336,119070.582336,124310.362536,124569.776664,126172.77678,126482.725584,128718.518652,130775.493492,137271.816108,139228.349616,116861.584788,110312.592228,98629.368696,99951.853212,101618.911368,97443.708804,92260.241064,95450.122116,103161.621564,..
Total final energy consumption (TFEC) (TJ),1.1_TOTAL.FINAL.ENERGY.CONSUM,Equatorial Guinea,GNQ,6003.3397446,5800.4466657,6366.8027271,7507.8727229,16725.5847228,26077.7029484,27007.2036502,32590.89566,50793.14774,60039.25002,69617.68194,62837.16,64745.79,65303.655,68874.855,72412.7,65038.58,69387.7045,67460.502,..
Total final energy consumption (TFEC) (TJ),1.1_TOTAL.FINAL.ENERGY.CONSUM,Eritrea,ERI,32716.827504,21362.1003,21689.08938,22103.1639,23606.01576,24405.736428,24970.326408,19714.259556,19242.574668,18908.802972,19076.1075,19124.423172,19789.454484,20398.047732,21062.074212,21645.54666,22122.590652,22712.3433,23499.503568,..
Total final energy consumption (TFEC) (TJ),1.1_TOTAL.FINAL.ENERGY.CONSUM,Estonia,EST,120930.945048,110791.059732,100730.179332,100578.617172,110451.384648,108683.801424,113969.51082,116297.497224,118013.834016,118714.536864,127236.517056,126659.199204,114497.550036,120305.730204,117387.279396,118797.51924,119103.323112,116300.762928,114898.938552,..
Total final energy consumption (TFEC) (TJ),1.1_TOTAL.FINAL.ENERGY.CONSUM,Ethiopia,ETH,981471.414456,1011983.305608,1040626.167372,1073919.056688,1115541.66834,1149625.946592,1186715.17494,1222424.224668,1251591.31566,1289489.140692,1329995.970144,1368029.78244,1405211.371596,1448918.5491,1498954.828428,1546323.19506,1602226.102284,1661628.127608,1708132.464324,..
Total final energy consumption (TFEC) (TJ),1.1_TOTAL.FINAL.ENERGY.CONSUM,Faeroe Islands,FRO,7815.988,8154.2003,8439.9322,9024.7338,9952.5323,9647.5408,9494.8393,9801.777,9558.8975,9006.2313,9083.9712,8168.1839,7369.2282,7862.7779,7180.4825,7595.8738,8794.9053,7947.0455,8295.0053,..
Total final energy consumption (TFEC) (TJ),1.1_TOTAL.FINAL.ENERGY.CONSUM,Falkland Islands,FLK,496.588525,434.44548,434.38648,434.28818,445.52884,481.18487,524.675005,578.300975,580.0258,667.711935,668.34607,669.00003,669.130165,673.190555,656.35808,669.79905,670.045695,670.403015,675.98697,..
Total final energy consumption (TFEC) (TJ),1.1_TOTAL.FINAL.ENERGY.CONSUM,Fiji,FJI,19766.90374,17305.85504,19990.87168,19823.84828,21976.07974,19679.82688,20962.8799321,24985.6292472,20747.011551,22983.71078,21758.169447598,19973.4050071897,16768.9118091317,18089.4058455273,19030.2045771467,17516.3730315224,19986.2776459041,21885.7144263394,23961.881649,..
Total final energy consumption (TFEC) (TJ),1.1_TOTAL.FINAL.ENERGY.CONSUM,Finland,FIN,936726.538572,971675.516628,975986.580852,979820.098668,1001913.046776,1027020.867696,1041126.699312,1050289.34364,1010891.262564,1062445.633704,1061690.460588,1024572.636396,960932.480904,1056260.264724,1000087.643844,1009976.195556,989907.774588,983154.926736,967638.855276,..
Total final energy consumption (TFEC) (TJ),1.1_TOTAL.FINAL.ENERGY.CONSUM,France,FRA,5889252.986388,6042230.159184,6071382.847584,6128135.172792,6355446.090696,6224770.075572,6346281.394836,6416317.347876,6383781.64134,6269009.772168,6131553.150708,6202354.743864,5964436.191348,6172542.801936,5657173.470756,5861607.671592,5997291.266988,5516930.701368,5632162.574256,..
Total final energy consumption (TFEC) (TJ),1.1_TOTAL.FINAL.ENERGY.CONSUM,French Guyana,GUF,5607.22845,6052.11095,6279.5584,6310.1025,6968.97645,7070.40235,6976.05875,7336.6251,7682.48743,7541.24688,8203.32821,7975.46615,8579.45527,8406.24391,8143.54225,9036.65823,8620.69943,9689.25188,9028.91404,..
Total final energy consumption (TFEC) (TJ),1.1_TOTAL.FINAL.ENERGY.CONSUM,French Polynesia,PYF,5101.421625,5440.37302,5495.408255,5079.245749,6912.2907426,7214.2008192,7356.3902504,7450.8326784,7650.98934,6765.95415,7794.09137,7931.54472,7977.751735,8226.426055,7883.873135,7781.17964,7724.192645,7525.374645,7795.24708,..
Total final energy consumption (TFEC) (TJ),1.1_TOTAL.FINAL.ENERGY.CONSUM,Gabon,GAB,54118.451196,55728.903816,55753.187256,55904.916888,57791.070288,70602.678288,84494.062008,99123.243624,116346.901464,132220.776852,146425.961232,163119.61206,178267.956876,199491.348492,156795.408792,136974.971988,207016.828416,195569.82414,197755.96176,..
Total final energy consumption (TFEC) (TJ),1.1_TOTAL.FINAL.ENERGY.CONSUM,"Gambia, The",GMB,5947.4,6018.255,6211.885,6855.16,7321.595,7274.945,7378.515,7535.885,7640.515,7819.565,8739.6425,8848.1475,10231.7475,8837.7385,9011.077,9185.194,9027.70121,10026.85598,10206.03008,..
Total final energy consumption (TFEC) (TJ),1.1_TOTAL.FINAL.ENERGY.CONSUM,Georgia,GEO,112990.2183,101534.044932,95495.130216,95492.366928,80110.775484,80263.133136,83330.466552,84234.731616,82216.694016,83538.59238,94838.933052,95368.144572,98320.50846,105317.06994,114597.656424,122587.745544,136002.922632,151781.632056,157678.739856,..
Total final energy consumption (TFEC) (TJ),1.1_TOTAL.FINAL.ENERGY.CONSUM,Germany,DEU,8991557.068068,8926672.763088,8754047.147232,8638440.513876,8812552.192524,8671255.270632,8839115.931276,8763328.403604,8626259.14488,8820320.967396,8247962.045052,8551613.94372,8118725.870448,8638160.040144,8211583.065456,8300447.225568,8524131.746652,8130876.005916,8327614.784616,..
Total final energy consumption (TFEC) (TJ),1.1_TOTAL.FINAL.ENERGY.CONSUM,Ghana,GHA,229975.104348,236373.95826,251812.322712,222921.016236,217107.97938,211186.462536,197632.325556,200114.344332,196289.32572,197535.191796,196795.049292,197918.702676,220511.63844,219750.436332,238230.134172,262635.619392,272282.760216,274905.874152,283139.551296,..
Total final energy consumption (TFEC) (TJ),1.1_TOTAL.FINAL.ENERGY.CONSUM,Gibraltar,GIB,3302.296632,3488.483628,3632.090868,3775.65624,3908.461536,3961.843236,4022.4681,4459.863096,4577.470308,4767.29982,4696.501032,4736.10816,5237.728668,5287.50972,5097.722076,5197.326048,5541.522876,6004.122408,6422.718672,..
Total final energy consumption (TFEC) (TJ),1.1_TOTAL.FINAL.ENERGY.CONSUM,Greece,GRC,690657.333156,726300.901332,719478.385128,742571.68536,770227.8021,784884.490992,826973.260956,816888.892608,838647.608472,857152.845792,877509.611676,847778.181912,823802.72292,767000.030508,759050.260272,684435.706488,611811.01314,617459.466888,656633.00988,..
Total final energy consumption (TFEC) (TJ),1.1_TOTAL.FINAL.ENERGY.CONSUM,Greenland,GRL,4243.3,4259.65,4394.2842,4454.8842,4504.4842,4333.2342,4105.2436,8071.0384781,8139.2379721,8476.2482966,8865.3602,9140.62951,8233.64736,7933.08637,8648.51198,8628.67753,8569.06175,8031.62932,7981.35474,..
Total final energy consumption (TFEC) (TJ),1.1_TOTAL.FINAL.ENERGY.CONSUM,Grenada,GRD,1872.7311796723,2099.7725522723,2208.0580312723,2238.4575854901,2346.174480499,2439.2005155079,2587.3149789478,2480.0560711219,2607.4517125447,2752.2345457656,2917.1162743113,2685.5002841182,2753.2270027107,2822.0821234542,2711.93527586207,2650.08786206897,2703.42779310345,2793.87089655172,2876.0504137931,..
Total final energy consumption (TFEC) (TJ),1.1_TOTAL.FINAL.ENERGY.CONSUM,Guadeloupe,GLP,13715.27175,15915.0519,15882.92665,16212.3364,17587.73425,17180.6671,18007.99495,17408.9678,17836.28565,18172.6912,18459.59675,18428.56365,17950.9092,18742.13975,18465.40975,17792.31395,17693.7399,18047.7199,18560.6999,..
Total final energy consumption (TFEC) (TJ),1.1_TOTAL.FINAL.ENERGY.CONSUM,Guam,GUM,5950.8,5621.76,6161.4,6267.24,6249.6,5769.36,5244.12,5719.68,5889.6,5918.4,5884.56,5885.64,5848.92,5895.72,5824.08,5628.6,5578.56,5680.8,5619.6,..
Total final energy consumption (TFEC) (TJ),1.1_TOTAL.FINAL.ENERGY.CONSUM,Guatemala,GTM,209556.373824,220262.52384,243607.660092,249103.0863,254743.878204,257203.832544,247102.340184,253660.585572,263122.125552,272119.39128,290417.256396,280870.808112,295327.577304,348276.906468,352071.612648,356910.548616,392387.9427,435423.43188,429959.364804,..
Total final energy consumption (TFEC) (TJ),1.1_TOTAL.FINAL.ENERGY.CONSUM,Guinea,GIN,94358.0912,95859.1312,116537.6694,116187.2256,117433.6297,118725.6456,119999.06555,121288.70885,123794.3409,124796.65,126575.8282,127140.2980334,128797.1777756,135261.7321076,137127.09522742,134913.32072742,131537.98122742,131756.8765,137987.04572,..
Total final energy consumption (TFEC) (TJ),1.1_TOTAL.FINAL.ENERGY.CONSUM,Guinea-Bissau,GNB,19503.65473,20033.11332,20937.807835,20893.627095,21225.39545,21594.141455,22416.704545,22887.909795,23244.559145,23651.381295,24099.86104,24313.4202,24815.793365,25201.43898,25573.60542,25954.7149,26358.797865,26829.158515,27257.4105,..
Total final energy consumption (TFEC) (TJ),1.1_TOTAL.FINAL.ENERGY.CONSUM,Guyana,GUY,24387.6250486348,24473.2341350751,28156.28852826,28471.157985865,28836.76326267,29727.81644229,27094.464121525,28575.923835485,23765.79584143,22146.417092905,24757.32954231,24352.233585755,24323.91642114,23520.567466395,25854.2522318486,27581.3293716939,25437.9420000272,26670.603,26619.104,..
Total final energy consumption (TFEC) (TJ),1.1_TOTAL.FINAL.ENERGY.CONSUM,Haiti,HTI,69712.690212,72218.824956,71473.197744,71167.184532,71632.58922,85110.191496,82698.594696,85183.5861,111818.626056,114930.548892,120058.918344,120772.181592,122673.574944,121866.904188,125674.170768,123359.121576,126154.98288,130960.298844,136690.6464,..
Total final energy consumption (TFEC) (TJ),1.1_TOTAL.FINAL.ENERGY.CONSUM,Honduras,HND,118557.741204,123352.12962,112372.916508,113861.70072,121884.405012,126392.123232,137345.796864,142752.50478,149604.41232,153596.065572,169529.39352,165968.436384,166541.148756,166810.820544,174035.395152,188651.262744,187332.462612,177232.4775,198453.69198,..
Total final energy consumption (TFEC) (TJ),1.1_TOTAL.FINAL.ENERGY.CONSUM,"Hong Kong SAR, China",HKG,280841.416776,375585.811884,446199.62706,379693.313892,378993.53214,343975.513752,337234.430808,314135.18532,308927.978424,317602.148796,326769.942888,330756.446376,364633.478028,339201.221976,354230.661672,356436.979668,358681.355676,372229.33806,372163.061016,..
Total final energy consumption (TFEC) (TJ),1.1_TOTAL.FINAL.ENERGY.CONSUM,Hungary,HUN,652233.687912,654321.645072,664797.228012,654685.980408,689210.165736,691591.95252,722138.00796,713900.102148,740094.104592,729308.572848,688718.719152,692837.567388,666293.590332,709079.336892,712376.441892,673207.546248,682526.441952,664831.852848,707440.958316,..
Total final energy consumption (TFEC) (TJ),1.1_TOTAL.FINAL.ENERGY.CONSUM,Iceland,ISL,62684.518392,65186.131392,68557.928904,72475.015248,73380.033936,76325.615208,76221.908172,78349.974876,78480.812376,83763.2142,91759.541652,105986.204316,107126.060616,105260.255064,105421.11192,108742.667832,112726.408032,114097.83624,118646.292024,..
Total final energy consumption (TFEC) (TJ),1.1_TOTAL.FINAL.ENERGY.CONSUM,India,IND,11484458.55144,11581610.230944,11934234.291852,12080447.479908,12162916.051812,12583836.534096,12722743.672416,13273593.705252,13900527.188784,14552475.546276,15352261.193412,16342885.245744,17750414.764764,18684425.284308,19401668.04384,19869435.091872,20586036.182436,21562801.382484,22241457.755856,..
Total final energy consumption (TFEC) (TJ),1.1_TOTAL.FINAL.ENERGY.CONSUM,Indonesia,IDN,4220885.115612,4194186.478164,4541546.266092,4622835.918852,4767940.567872,4732272.046368,4929878.28816,5118241.038516,5094455.450904,5387428.706832,5379974.025696,5405548.758552,5597449.857324,5748024.895488,5790761.698356,6097101.773832,6268373.922852,6462788.106456,6513819.04386,..
Total final energy consumption (TFEC) (TJ),1.1_TOTAL.FINAL.ENERGY.CONSUM,"Iran, Islamic Rep.",IRN,3165028.374672,3180937.502916,3435243.316236,3647070.777852,3805590.101544,4011802.185132,4214302.544916,4539653.45568,4891921.764192,5338056.663324,5760538.863876,5724333.343404,5978894.63526,5985578.400912,6096614.220972,6084072.410364,6341292.906372,6661814.594544,6565402.848204,..
Total final energy consumption (TFEC) (TJ),1.1_TOTAL.FINAL.ENERGY.CONSUM,Iraq,IRQ,738838.567008,696050.05716,708192.61452,757869.792012,801767.133972,777756.92454,630798.15114,712606.380948,730968.052896,718755.031692,710296.146576,701001.911124,694296.583452,778158.145584,909768.445128,1032695.195868,1040445.381348,865465.820928,734476.591296,..
Total final energy consumption (TFEC) (TJ),1.1_TOTAL.FINAL.ENERGY.CONSUM,Ireland,IRL,342094.803192,371919.263652,393949.577232,421836.261048,435793.921812,435905.12322,450561.058488,463591.887336,488027.22444,513465.467616,509078.747916,512263.14426,468201.26106,464716.085004,423070.613424,416254.251816,418537.146384,415531.065852,430018.105608,..
Total final energy consumption (TFEC) (TJ),1.1_TOTAL.FINAL.ENERGY.CONSUM,Isle of Man,IMN,0,0,0,0,0,1900.8,1935,2016,2094.3,2022.3,2070.9,2169.9,2168.1,2169.9,2043.9,2374.2,2354.4,2277,2270.7,..
Total final energy consumption (TFEC) (TJ),1.1_TOTAL.FINAL.ENERGY.CONSUM,Israel,ISR,382102.356744,377025.610536,392089.675068,425631.050964,422700.332832,429072.977376,450503.992404,458834.175288,440070.068124,457780.232124,477026.491176,509961.785904,526417.584624,562692.019824,524487.846636,518757.206004,473805.5022,491430.967236,512100.152136,..
Total final energy consumption (TFEC) (TJ),1.1_TOTAL.FINAL.ENERGY.CONSUM,Italy,ITA,4713544.071288,4857887.685672,5035801.3974,5041057.799196,5118429.695724,5133114.938592,5405876.333784,5427240.443748,5554547.927064,5477900.723748,5431812.638688,5426092.088244,5120685.501696,5199032.085264,4967023.661496,4920561.234648,4800898.345716,4579683.827292,4714561.63116,..
Total final energy consumption (TFEC) (TJ),1.1_TOTAL.FINAL.ENERGY.CONSUM,Jamaica,JAM,77485.861224,82276.816464,86042.382516,89703.152964,89235.110592,92865.52674,94248.049968,112785.400044,116266.473036,144002.515788,138642.32322,116088.408432,85885.9218,76811.702688,80890.483248,79025.933736,86402.907864,85383.380196,82139.196348,..
Total final energy consumption (TFEC) (TJ),1.1_TOTAL.FINAL.ENERGY.CONSUM,Japan,JPN,11791791.903348,11620252.80396,11920262.228496,12009265.264764,11937914.865864,12084228.9558,11868159.637764,11984792.330196,12017770.079076,12027201.39036,11890617.92604,11169434.29914,10876504.460328,11269697.27346,11088885.91932,11038188.16746,11101470.100344,10788730.794144,10559777.562072,..
Total final energy consumption (TFEC) (TJ),1.1_TOTAL.FINAL.ENERGY.CONSUM,Jordan,JOR,125886.064716,127574.559288,130990.066992,142616.810592,141739.131708,145730.491884,152566.657056,171854.449164,187040.0565,188775.778176,195629.151096,181702.681992,193702.804416,187719.281064,192493.865916,213655.920912,205361.618904,216546.068952,229180.993992,..
Total final energy consumption (TFEC) (TJ),1.1_TOTAL.FINAL.ENERGY.CONSUM,Kazakhstan,KAZ,1232589.565728,1258454.862504,1121310.953136,864579.475368,859807.402596,815056.162776,941133.647988,1039034.932164,1232641.482048,1237265.677044,1514409.688872,1759561.440804,1463929.106328,1603669.501584,1774041.78168,1710920.286972,1761351.214068,1567285.24662,1586534.855112,..
Total final energy consumption (TFEC) (TJ),1.1_TOTAL.FINAL.ENERGY.CONSUM,Kenya,KEN,368939.643696,377400.580344,384272.584524,392020.425396,399973.503204,411058.851696,410148.515772,424525.107744,440985.679416,461660.809572,471697.280928,480842.508168,506526.223428,537847.255548,546216.166332,553492.071108,578349.646992,611659.827792,655000.7859,..
Total final energy consumption (TFEC) (TJ),1.1_TOTAL.FINAL.ENERGY.CONSUM,Kiribati,KIR,340.23921,349.089655,342.606456,332.893436,314.137052,438.489963,431.873785,453.9345077,639.189912,704.087749,591.4817898,684.6749841,619.8565791,548.05183,549.494445,593.7475,662.70268,600.6808977,605.3605527,..
Total final energy consumption (TFEC) (TJ),1.1_TOTAL.FINAL.ENERGY.CONSUM,"Korea, Dem. Rep.",PRK,650651.454324,618452.994528,658885.633884,704826.929736,726325.268508,697244.048784,714475.74528,731207.830932,763335.2826,773550.781524,653185.096344,720895.407588,564520.395384,534477.425832,396329.856768,410661.608112,310238.363088,340515.919044,275615.704224,..
Total final energy consumption (TFEC) (TJ),1.1_TOTAL.FINAL.ENERGY.CONSUM,"Korea, Rep.",KOR,4014266.033196,3431236.088088,3883274.919504,4273729.06302,4342948.966872,4516602.274656,4546039.916664,4586270.082372,4609055.150388,4620144.560076,4710012.296148,4694513.641776,4640321.837844,4996197.953784,5083834.753476,5120552.90574,5193184.632912,5198648.490648,5312174.57748,..
Total final energy consumption (TFEC) (TJ),1.1_TOTAL.FINAL.ENERGY.CONSUM,Kosovo,XKX,0,0,0,31866.948972,38028.91374,37975.490172,38639.432916,38762.106156,40797.2259,42143.030892,43936.362936,48557.25036,48635.250444,49480.481628,52927.85088,50959.091916,51422.528808,51285.494844,55849.106844,..
Total final energy consumption (TFEC) (TJ),1.1_TOTAL.FINAL.ENERGY.CONSUM,Kuwait,KWT,220692.759408,269542.290276,257035.439448,297003.050928,294652.372068,296620.1262,346687.513452,348528.533148,424805.790816,432207.885744,409495.249368,432575.026236,459567.744516,493402.322016,518195.42118,549973.358784,539781.557148,588244.813848,616547.205036,..
Total final energy consumption (TFEC) (TJ),1.1_TOTAL.FINAL.ENERGY.CONSUM,Kyrgyz Republic,KGZ,79301.634516,89854.79886,76350.4848,71091.487188,59617.394316,72614.18448,82032.223608,78364.3356,75512.747988,76954.095756,93450.506436,99967.38624,92586.643992,92018.578968,113361.085044,144479.35044,141150.342024,136095.618384,139850.382492,..
Total final energy consumption (TFEC) (TJ),1.1_TOTAL.FINAL.ENERGY.CONSUM,Lao PDR,LAO,62942.67979,63112.246,63343.36148,64711.1835,65582.81081,66673.15513,68780.06954,73322.45889,74383.68472,80662.61532,82545.7088,87451.41188,93249.16734,102744.580611,109115.8876264,115279.9255947,120670.2729871,121121.1909,122192.697,..
Total final energy consumption (TFEC) (TJ),1.1_TOTAL.FINAL.ENERGY.CONSUM,Latvia,LVA,154306.984212,149177.861136,140588.13852,135110.589948,148453.67034,150361.5951,157440.594672,161719.043724,166149.38988,172941.593652,179101.339416,170004.092904,164956.444956,167632.98246,157194.075888,163767.686832,156374.46792,158237.80326,154231.412472,..
Total final energy consumption (TFEC) (TJ),1.1_TOTAL.FINAL.ENERGY.CONSUM,Lebanon,LBN,160898.137848,134841.629916,143637.468696,134372.247768,144731.3958,135120.17772,135963.39924,153473.894748,145508.298408,122481.317088,103398.552576,136958.057316,182844.171144,157448.507724,156462.725664,180278.58384,173083.484304,197801.1792,202341.13578,..
Total final energy consumption (TFEC) (TJ),1.1_TOTAL.FINAL.ENERGY.CONSUM,Lesotho,LSO,40577.7702,41229.7519,45162.01955,45546.4739,45913.96795,46344.87365,46692.5183,47385.91635,48006.739975,48630.865,49436.76,50327.185,51854.353,52663.17,53596.4055,54644.0691221,55096.2584289,55912.0954981,55693.2722594,..
Total final energy consumption (TFEC) (TJ),1.1_TOTAL.FINAL.ENERGY.CONSUM,Liberia,LBR,31671.04705,35361.78195,38845.875,43276.15,45129.597943,46667.122684,48986.6876446,51327.0733236,54658.7142165,55869.5663236,57816.3956805,58933.3592512,61159.7860523,65114.6639523,68798.96257,73023.3698163252,73994.1100971877,79356.21133,82192.82071,..
Total final energy consumption (TFEC) (TJ),1.1_TOTAL.FINAL.ENERGY.CONSUM,Libya,LBY,257619.0375,260192.537856,279315.788724,286112.807316,295271.097372,307730.511756,314179.858476,331783.80336,345399.151356,337777.081956,320644.445148,345973.70592,380093.320764,417497.187132,292360.015332,337962.6828,372207.231756,361005.532092,322939.900116,..
Total final energy consumption (TFEC) (TJ),1.1_TOTAL.FINAL.ENERGY.CONSUM,Liechtenstein,LIE,0,0,0,0,0,0,0,0,0,0,2641.80000348,2720.26000086,2635.719997315,2941.480003855,2840.079999865,2895.419998445,2947.36,2801.6044605,2873.642276,..
Total final energy consumption (TFEC) (TJ),1.1_TOTAL.FINAL.ENERGY.CONSUM,Lithuania,LTU,187864.144344,186010.73172,168504.297408,156495.005892,162562.223376,169664.752764,174764.651976,182476.277028,193263.650964,203895.527148,214496.714088,210662.61012,192055.675428,198389.550204,197188.901568,201827.541024,196535.383956,200349.809964,199779.986484,..
Total final energy consumption (TFEC) (TJ),1.1_TOTAL.FINAL.ENERGY.CONSUM,Luxembourg,LUX,120015.543096,120248.538516,125477.97732,133995.352032,140060.39238,140233.181616,149752.290096,166599.722088,169985.54538,168283.318104,164181.217068,165619.13166,153586.770876,163481.644656,163285.953624,159648.084972,157403.7927,151031.231892,148287.286908,..
Total final energy consumption (TFEC) (TJ),1.1_TOTAL.FINAL.ENERGY.CONSUM,"Macao SAR, China",MAC,15461.2,15163.8,15298.5,16623.8,16610.5,13506.60875,13731.30875,14815.95875,16785.25875,18570.45875,17388.58375,19203.28375,27789.5,23604.1,26181.8,27802.5,27437.7,29246.8,34125.7,..
Total final energy consumption (TFEC) (TJ),1.1_TOTAL.FINAL.ENERGY.CONSUM,"Macedonia, FYR",MKD,68192.92368,66668.886612,66498.358248,65049.516108,58011.2541,60227.452944,67997.8188,66712.010652,73022.230008,73875.792924,77543.806536,75087.662184,70005.3894,74650.350924,79448.465592,77113.780308,75789.704808,75089.043828,77984.634708,..
Total final energy consumption (TFEC) (TJ),1.1_TOTAL.FINAL.ENERGY.CONSUM,Madagascar,MDG,86915.57085,80017.6161,91667.4202,91973.5725545,97051.8792746,89304.3177706,94603.4808461,97633.9899134,98970.3532239,115153.2503495,115550.2179167,116671.1113991,115521.9832708,113747.0967926,117799.793826312,121515.9905434,118553.532877,122896.956985,131031.315055,..
Total final energy consumption (TFEC) (TJ),1.1_TOTAL.FINAL.ENERGY.CONSUM,Malawi,MWI,52803.8187,52831.839798,53394.8713796,53160.8241293,54110.8988972,55477.6667362,56218.8072379555,56034.4241337045,55666.8242025709,55256.406232004,56622.2119142105,60374.8537918016,58986.7620252,61921.0967021,62644.2437284,62422.9320524,62606.8319606,63279.8170636,60637.541408,..
Total final energy consumption (TFEC) (TJ),1.1_TOTAL.FINAL.ENERGY.CONSUM,Malaysia,MYS,1006441.908336,986595.220296,1072485.203292,1152052.155324,1217899.591776,1284451.708536,1343501.41464,1458152.075952,1500068.098548,1554035.49,1713840.328764,1745776.108728,1525335.645888,1623738.759912,1593486.785304,1674056.015388,1864966.601016,1970943.00822,1911611.65608,..
Total final energy consumption (TFEC) (TJ),1.1_TOTAL.FINAL.ENERGY.CONSUM,Maldives,MDV,3908.119875,3532.539815,4932.843215,5218.877295,5464.84064,7044.715215,5953.30152,7845.6769,7222.37995,8970.05161,9215.413445,9792.79155,10343.58256,11351.45853,11942.80585,13556.02907,13368.139515,16117.14039,15870.54697,..
Total final energy consumption (TFEC) (TJ),1.1_TOTAL.FINAL.ENERGY.CONSUM,Mali,MLI,46830.371,48385.3221,49046.9607,49570.4129,50624.8024,50907.4459,51274.6001,52335.5749,52852.2699,55677.13565,58860.08931,61440.48003,66715.48503,69993.40503,73061.62503,76965.18003,77003.25903,77088.9118,77716.7778,..
Total final energy consumption (TFEC) (TJ),1.1_TOTAL.FINAL.ENERGY.CONSUM,Malta,MLT,17055.683424,15556.306608,15450.589908,13289.782428,12865.40838,11461.071924,13187.58264,14225.155416,12129.1596,12667.79142,12436.805664,15186.821508,14794.099668,16856.977896,16300.928988,17062.633512,17614.202544,18192.90204,19161.30888,..
Total final energy consumption (TFEC) (TJ),1.1_TOTAL.FINAL.ENERGY.CONSUM,Marshall Islands,MHL,914.1,920.44,925.4,970.803,996.053,1073.816,1077.466,1141.429,1142.759,1267.502,1413.312,1455.125,1503.975,1577.908,1658.398,1628.511,1621.834,1586.034,1662.684,..
Total final energy consumption (TFEC) (TJ),1.1_TOTAL.FINAL.ENERGY.CONSUM,Martinique,MTQ,12221.4712,12090.7702,15137.0614,15198.8105,15387.8924,15778.4816,15954.9231,15549.0842,15789.8865,15843.8804,17038.7726,17905.42644,17773.65395,17246.83266,17575.46666,17966.48776,18117.55546,18373.27116,17907.10846,..
Total final energy consumption (TFEC) (TJ),1.1_TOTAL.FINAL.ENERGY.CONSUM,Mauritania,MRT,21146.98965,20547.4445,21727.69335,21914.49845,22495.20585,24091.4917,25816.89865,27455.0211,27927.745,28286.735,31754.73,32290.0795,35348.1385,35524.708,37028.776,39502.865,38060.525,41403.1074,41714.4538,..
Total final energy consumption (TFEC) (TJ),1.1_TOTAL.FINAL.ENERGY.CONSUM,Mauritius,MUS,25272.864576,25275.753468,25685.38998,27151.104924,27870.606504,27774.226368,29232.698148,29682.10926,30048.831072,31084.226712,30416.599584,30029.027508,29732.5602,31117.846716,31001.872356,31399.157808,31840.069716,32487.4746,33474.93138,..
Total final energy consumption (TFEC) (TJ),1.1_TOTAL.FINAL.ENERGY.CONSUM,Mayotte,MYT,1463.6935,1542.6135,1628.9135,1632.7175,1718.1875,1769.8118,1866.4904,1978.1433,2114.3779,2207.6965,2335.7153,2509.3345,2631.1634,2674.1113,2654.1365,2808.8913,2927.8769,3148.0121,3248.9877,..
Total final energy consumption (TFEC) (TJ),1.1_TOTAL.FINAL.ENERGY.CONSUM,Mexico,MEX,3451353.41088,3548655.103428,3532511.011968,3682527.698484,3598187.961924,3679360.426152,3838287.125484,4024906.659792,4189880.061288,4401518.447016,4489156.87956,4632979.614156,4387251.4236,4601539.886256,4750590.845484,4763988.563616,4768735.431852,4705185.92058,4793389.780464,..
Total final energy consumption (TFEC) (TJ),1.1_TOTAL.FINAL.ENERGY.CONSUM,"Micronesia, Fed. Sts.",FSM,1040.4595,1095.033,998.24995,1228.586,1829.126,1469.511,1459.661,1470.89735,1389.59235,1250.3697,1285.91735,1221.3797,1503.64635,1149.48535,1254.5107,1346.94335,1524.9137,1650.9887,1651.817805,..
Total final energy consumption (TFEC) (TJ),1.1_TOTAL.FINAL.ENERGY.CONSUM,Moldova,MDA,101566.283292,91057.289688,74961.137088,66690.239292,72381.60774,78080.135616,84624.773904,95274.61146,98483.291244,96455.70774,92454.59232,90978.075432,84415.015224,99440.561196,99990.078696,96976.880604,93058.245144,96365.775276,96135.83622,..
Total final energy consumption (TFEC) (TJ),1.1_TOTAL.FINAL.ENERGY.CONSUM,Monaco,MCO,0,0,0,0,0,0,0,0,0,0,0,0,0,0,0,0,0,0,0,..
Total final energy consumption (TFEC) (TJ),1.1_TOTAL.FINAL.ENERGY.CONSUM,Mongolia,MNG,67518.723276,61293.663432,63769.318272,61259.415408,66048.570324,68547.420036,73284.993576,77562.14472,83726.202888,99863.97228,103224.08862,105303.04416,110500.788888,111864.429648,125513.104572,136128.275424,142428.86514,136415.3643,130283.418888,..
Total final energy consumption (TFEC) (TJ),1.1_TOTAL.FINAL.ENERGY.CONSUM,Montenegro,MNE,0,0,0,0,0,0,0,0,31138.864452,32021.776836,35196.75288,35363.638728,30160.199952,29830.280112,30065.327064,29222.231148,26774.879076,26276.105592,27696.896172,..
Total final energy consumption (TFEC) (TJ),1.1_TOTAL.FINAL.ENERGY.CONSUM,Montserrat,MSR,310.7,310.8,289.3,278.5,278.5,374.5,369.5,369.5,365.2,360.9,416.1,503.59,468.16,695.12,399.6084,420.3552,567.4688,507.2104,593.2684,..
Total final energy consumption (TFEC) (TJ),1.1_TOTAL.FINAL.ENERGY.CONSUM,Morocco,MAR,311169.2562,324709.409268,337419.780444,345610.50102,356707.446948,364342.369824,362540.747916,434531.308536,455680.886868,470733.4377,484779.607416,503908.049916,513896.582412,534351.779964,565887.343716,583188.37362,594720.2862,594640.192716,604023.272064,..
Total final energy consumption (TFEC) (TJ),1.1_TOTAL.FINAL.ENERGY.CONSUM,Mozambique,MOZ,218616.567156,259176.778308,263823.288948,272783.082816,285996.74922,292217.957208,308775.620772,320790.396996,325304.269812,332903.856096,345899.139012,356652.683604,367450.3152,379637.0433,394517.684124,392824.62594,405307.821348,429362.452728,435993.380964,..
Total final energy consumption (TFEC) (TJ),1.1_TOTAL.FINAL.ENERGY.CONSUM,Myanmar,MMR,440079.530292,456024.79062,459762.76566,476455.704732,472981.874904,481637.9583,515257.878564,524237.057316,535554.73134,529715.82006,536056.393716,504453.9249,507365.174412,517274.32518,527492.545524,568202.811588,602192.216952,675534.73716,731366.008236,..
Total final energy consumption (TFEC) (TJ),1.1_TOTAL.FINAL.ENERGY.CONSUM,Namibia,NAM,40245.949944,41764.3767,42128.544564,39598.670664,47380.299012,43798.198536,45626.532228,47594.244492,50236.617708,49553.29008,50181.435684,52601.824764,55275.473376,57756.110508,59835.191652,61067.492496,65326.137984,68305.12992,71287.303824,..
Total final energy consumption (TFEC) (TJ),1.1_TOTAL.FINAL.ENERGY.CONSUM,Nepal,NPL,294659.405892,302000.37354,317802.026628,336176.845128,347487.401592,351306.558684,361485.79992,366494.636232,378027.721116,378001.721088,385961.707116,397447.27182,410289.275988,422711.134776,437443.395408,418156.105716,464999.656968,482487.25068,483589.676988,..
Total final energy consumption (TFEC) (TJ),1.1_TOTAL.FINAL.ENERGY.CONSUM,Netherlands,NLD,2026941.625692,2022455.595096,2018303.126856,2011795.039332,2048359.536036,2046529.778832,2080159.87302,2099169.536004,2065905.954288,2056811.429196,2014111.930716,2047177.434924,1978798.742928,2121847.84062,1964456.18964,1964277.748224,1967402.901348,1783025.39844,1823259.583476,..
Total final energy consumption (TFEC) (TJ),1.1_TOTAL.FINAL.ENERGY.CONSUM,Netherlands Antilles,ANT,..,..,..,..,..,..,..,..,..,..,..,..,..,..,..,..,..,..,..,..
Total final energy consumption (TFEC) (TJ),1.1_TOTAL.FINAL.ENERGY.CONSUM,New Caledonia,NCL,16939.083,17499.011,18403.083,21955.99185,20352.05185,23032.11085,24702.38235,23867.41735,25964.69235,26035.72035,26765.30735,24607.5594,25188.1988,27535.1253,28828.2534332,29756.3021622,30733.659995545,34077.9700105,33328.6252,..
Total final energy consumption (TFEC) (TJ),1.1_TOTAL.FINAL.ENERGY.CONSUM,New Zealand,NZL,439316.402256,439645.987152,451627.562052,473354.081424,481372.598916,502121.03994,502166.843532,511734.225816,501770.855988,504401.296824,507773.303676,501131.657232,488183.099004,500978.336616,496176.705036,496709.3916,506175.243984,526354.615152,530286.69024,..
Total final energy consumption (TFEC) (TJ),1.1_TOTAL.FINAL.ENERGY.CONSUM,Nicaragua,NIC,72702.860904,74204.498592,78179.237172,78542.735148,77155.522704,80969.195088,78497.350236,80919.455904,81322.351668,81520.1361,83128.28598,82987.316424,81855.373176,84710.4777,86773.983948,91083.750264,93244.892688,96868.52622,103807.435464,..
Total final energy consumption (TFEC) (TJ),1.1_TOTAL.FINAL.ENERGY.CONSUM,Niger,NER,0,0,0,57403.288872,59453.481096,61370.868024,63991.846692,65877.748884,67694.820084,69734.587176,73249.154568,75899.524572,80899.191792,86011.902612,73564.420608,85340.214288,105593.901156,110595.954852,113793.623352,..
Total final energy consumption (TFEC) (TJ),1.1_TOTAL.FINAL.ENERGY.CONSUM,Nigeria,NGA,3036004.512696,3063433.746744,3145667.062356,3268333.142928,3422636.652096,3525559.793532,3696696.080892,3754682.4654,3864189.140496,3880791.979632,3983951.6334,4146128.922384,4142104.402752,4413169.348452,4614267.800124,4821325.784784,4858124.70042,4820417.249184,4987286.894268,..
Total final energy consumption (TFEC) (TJ),1.1_TOTAL.FINAL.ENERGY.CONSUM,Northern Mariana Islands,MNP,982.8,1034.64,1049.4,1145.52,1182.6,1169.28,1145.52,1117.44,1089.36,1081.08,1072.08,1094.76,1109.16,1117.44,1137.96,1149.48,1160.64,1172.52,1203.12,..
Total final energy consumption (TFEC) (TJ),1.1_TOTAL.FINAL.ENERGY.CONSUM,Norway,NOR,708040.00566,740962.27944,755966.849544,738775.388196,749108.5362,737378.79732,741223.619496,759137.513184,760218.712416,755956.25694,770084.152992,772286.158584,745930.420056,797381.377236,760832.664768,765284.070528,769047.375708,744999.485076,756219.774132,..
Total final energy consumption (TFEC) (TJ),1.1_TOTAL.FINAL.ENERGY.CONSUM,Oman,OMN,101412.543996,102037.884444,119290.766148,125592.570036,148978.988136,164643.104844,168480.893196,150704.368416,172302.646104,301425.986448,352580.895,332674.96374,368099.436672,431874.448992,524894.468652,609524.978472,644064.571224,684494.6985,753718.83102,..
Total final energy consumption (TFEC) (TJ),1.1_TOTAL.FINAL.ENERGY.CONSUM,Pakistan,PAK,1879216.123608,1923664.908996,2012149.954368,2018981.890872,2053804.134492,2120949.688284,2248713.95148,2392356.109392,2468246.381136,2580417.912564,2749421.653344,2692858.194684,2763647.22744,2792750.469732,2865335.472216,2900509.783848,2915504.096292,3034559.103732,3111795.096732,..
Total final energy consumption (TFEC) (TJ),1.1_TOTAL.FINAL.ENERGY.CONSUM,Palau,PLW,1823.92168,1842.03732,1853.29992,1891.40544,1922.873274,1906.91028,1927.80264,1918.27388,2022.27656,2144.40236,2172.11,2110.4,2068.56,2169.862,2204.88,2243.6,2287.9,2287.9,2291.5,..
Total final energy consumption (TFEC) (TJ),1.1_TOTAL.FINAL.ENERGY.CONSUM,Panama,PAN,72447.507972,77435.368416,80131.207068,81945.849924,83569.99338,82698.92964,79720.691328,87119.688024,101372.47632,106579.39014,99506.712636,106184.449296,116966.84094,118117.37358,124061.1642,132871.321836,134772.757056,141569.3151,144680.274972,..
Total final energy consumption (TFEC) (TJ),1.1_TOTAL.FINAL.ENERGY.CONSUM,Papua New Guinea,PNG,84348.7838935,86308.0845771,88748.4132937,90648.9766395,94236.7562918,95969.92257,99116.63297,103182.91045,101469.99734,101262.96481,105496.55632,105752.05944,108022.6234,109808.4691,110913.4141,109477.6896,112317.41312,115614.48812,115716.2284,..
Total final energy consumption (TFEC) (TJ),1.1_TOTAL.FINAL.ENERGY.CONSUM,Paraguay,PRY,172351.50606,169174.394748,161650.715148,152644.86648,155526.599052,152404.12548,154739.648124,155347.069068,152969.804028,151227.341604,154767.448476,162849.730932,168196.73508,179735.597748,182350.379952,186456.584052,184889.548548,194255.629488,204860.500812,..
Total final energy consumption (TFEC) (TJ),1.1_TOTAL.FINAL.ENERGY.CONSUM,Peru,PER,410099.739552,408615.309612,442324.74366,438838.311564,422338.258368,434896.230024,429066.864648,462586.55292,452555.984952,464166.609372,502215.326676,518709.685824,571881.208464,618816.743712,649486.644696,651071.68344,699305.336028,702175.052484,738633.539412,..
Total final energy consumption (TFEC) (TJ),1.1_TOTAL.FINAL.ENERGY.CONSUM,Philippines,PHL,1050016.071204,1038628.017072,1032711.27318,989970.11604,991340.958096,977706.434556,980680.65354,983757.993408,951040.62162,921273.394716,938507.22648,929756.981952,948516.692976,987826.68378,984639.0636,1011362.235696,1067831.156412,1111418.340228,1195481.371176,..
Total final energy consumption (TFEC) (TJ),1.1_TOTAL.FINAL.ENERGY.CONSUM,Poland,POL,2643424.144668,2441847.05802,2386349.307432,2236322.446992,2261305.878084,2243913.115392,2307369.512232,2368553.56524,2398501.74564,2499828.418368,2506838.96376,2548232.641188,2523321.851076,2717708.108724,2648204.632908,2632843.138104,2585227.205988,2509590.989268,2537766.018,..
Total final energy consumption (TFEC) (TJ),1.1_TOTAL.FINAL.ENERGY.CONSUM,Portugal,PRT,606123.203472,645985.391328,670504.548168,710306.864784,722797.596432,743056.474932,739756.229832,749386.288512,750720.956616,739943.756604,756338.218704,733598.075052,727172.21628,720995.262768,686468.98404,630972.363888,622462.734756,617562.62964,625305.571956,..
Total final energy consumption (TFEC) (TJ),1.1_TOTAL.FINAL.ENERGY.CONSUM,Puerto Rico,PRI,64789.2,61923.6,71355.6,70718.4,72374.4,75585.6,78699.6,76737.6,79560,79405.2,78904.8,70021.44,68239.08,69433.92,66652.56,66439.8,66069.72,63437.04,62946,..
Total final energy consumption (TFEC) (TJ),1.1_TOTAL.FINAL.ENERGY.CONSUM,Qatar,QAT,125613.085356,133135.885728,133620.6753,150744.938508,156681.025416,198748.693908,194888.087496,233704.831392,240894.44622,267456.300912,307968.280128,349401.899628,382136.186088,405081.441072,384983.921844,478797.381972,493750.454436,570512.082996,578356.136532,..
Total final energy consumption (TFEC) (TJ),1.1_TOTAL.FINAL.ENERGY.CONSUM,Reunion,REU,26561.7659,27612.0447,26900.94875,28341.88945,29217.3599,29367.5485,28885.82845,30152.5584,30329.3497,31679.84,34637.17165,35301.26145,36962.5431,38041.59825,38808.8334,38499.0399,38076.00005,38733.96155,39849.134065,..
Total final energy consumption (TFEC) (TJ),1.1_TOTAL.FINAL.ENERGY.CONSUM,Romania,ROU,1151213.957964,1051060.13352,913124.3328,916492.864608,935424.360036,925789.025988,967894.291944,982888.813728,980108.234244,993220.287012,967666.948704,1001257.72884,907237.189584,914017.58658,922204.957716,938882.5731,896228.752608,890117.406252,893623.68378,..
Total final energy consumption (TFEC) (TJ),1.1_TOTAL.FINAL.ENERGY.CONSUM,Russian Federation,RUS,15302078.543556,15131378.520756,15596656.348716,15973725.878784,16043337.708984,15607384.73064,15924957.06942,15975106.14114,15392924.27424,15879365.74818,15901652.000844,16190521.690356,15144024.66642,15919962.761304,16407544.845168,15986715.174576,15392751.15006,15995754.140832,15809140.426176,..
Total final energy consumption (TFEC) (TJ),1.1_TOTAL.FINAL.ENERGY.CONSUM,Rwanda,RWA,71663.7325764,69879.8750536,72669.1806432,51729.8030032,51902.0939333,51866.3783851,51640.152468,51283.10975,59402.34229,60287.02977,62437.22731,64329.23573,66505.20053,68529.15716,71368.45753,74450.59794,76511.84516,77835.46746,79544.51823,..
Total final energy consumption (TFEC) (TJ),1.1_TOTAL.FINAL.ENERGY.CONSUM,Saint Pierre et Miquelon,SPM,422.4,466.7,466.7,466.08,466.08,509.08,596.38,552.66,600.421,597.541,673.301,636.321,625.561,670.721,683.281,673.561,691.901,745.581,738.741,..
Total final energy consumption (TFEC) (TJ),1.1_TOTAL.FINAL.ENERGY.CONSUM,Samoa,WSM,2664.7847,2701.2847,2763.09259,2896.57259,3052.17259,3092.27259,3172.07259,3234.57259,3340.21259,3466.59469,3611.15469,3757.05139,3836.25536,3945.648645,3647.140235,3698.341725,3775.701135,3842.345635,4146.637665,..
Total final energy consumption (TFEC) (TJ),1.1_TOTAL.FINAL.ENERGY.CONSUM,San Marino,SMR,0,0,0,0,0,0,0,0,0,0,0,0,0,0,0,0,0,0,0,..
Total final energy consumption (TFEC) (TJ),1.1_TOTAL.FINAL.ENERGY.CONSUM,Sao Tome and Principe,STP,1225.885,1264.5,1238.06,1276.626,1250.506,1329.361,1428.881,1503.114,1523.82,1583.351,1600.116,1655.439,1687.543,1753.617,1792.83,1892.724,1897.501,1904.343,1955.125,..
Total final energy consumption (TFEC) (TJ),1.1_TOTAL.FINAL.ENERGY.CONSUM,Saudi Arabia,SAU,1793416.073076,1931547.606696,1994734.331748,2059929.6741,2090044.154196,2289260.262456,2391677.973396,2518495.768584,2643941.968092,2859419.816892,3135890.38194,3450974.212404,3552346.102572,4003456.343616,4110777.299772,4403949.972984,4461138.562752,4748624.431128,4773763.694916,..
Total final energy consumption (TFEC) (TJ),1.1_TOTAL.FINAL.ENERGY.CONSUM,Senegal,SEN,54833.89158,59507.742024,64139.975676,59940.824616,63591.588612,67564.610604,67448.92932,72984.339468,70984.0539,72138.731472,84737.650032,87375.459636,105864.870852,105185.771892,112152.607092,111607.234524,105156.213084,109105.70526,114203.511072,..
Total final energy consumption (TFEC) (TJ),1.1_TOTAL.FINAL.ENERGY.CONSUM,Serbia,SRB,397397.072088,387687.087396,290795.65938,288897.657336,332443.559304,359819.66286,379608.321852,429545.667096,391378.379616,395208.966672,418697.668296,381714.659064,342649.344852,362864.345688,376304.727312,348368.597388,339829.325712,318035.022048,330294.223656,..
Total final energy consumption (TFEC) (TJ),1.1_TOTAL.FINAL.ENERGY.CONSUM,Seychelles,SYC,3656.7425,4859.8425,5784.6425,6486.1081,7335.4541,6025.0025,6436.1605,8389.2865,7673.9206,8153.9706,6784.4981,7529.8682,5715.7502,4615.2293,3064.2192,4582.8556,4015.8049,4179.3721,4277.6051,..
Total final energy consumption (TFEC) (TJ),1.1_TOTAL.FINAL.ENERGY.CONSUM,Sierra Leone,SLE,43109.207,43634.042,44540.3283,46653.3973,47584.5701,47506.6483,48143.5756,48083.712,47207.63,49390.147,48220.035,48638.504,48650.092,49670.4176,52125.1626,53541.4776,55904.7466,57771.2167,54796.5927,..
Total final energy consumption (TFEC) (TJ),1.1_TOTAL.FINAL.ENERGY.CONSUM,Singapore,SGP,168898.484628,171013.990932,176461.562016,233973.791424,240230.2104,249624.510372,262515.70944,274455.541944,298721.8998,309301.692192,324022.229784,332239.243464,379334.923812,417851.976564,438145.4799,436539.046608,450286.36254,446879.228436,439604.830908,..
Total final energy consumption (TFEC) (TJ),1.1_TOTAL.FINAL.ENERGY.CONSUM,Sint Maarten (Dutch part),SXM,0,0,0,0,0,0,0,0,0,0,0,0,0,0,0,7737.2035,7895.0595,8055.7535,8338.3635,..
Total final energy consumption (TFEC) (TJ),1.1_TOTAL.FINAL.ENERGY.CONSUM,Slovak Republic,SVK,436442.373396,428416.696476,421691.942052,421065.63864,440483.849568,443803.563288,422447.49198,417552.117948,436876.25148,422866.967472,425869.866036,440346.773736,403994.38032,433831.777992,407082.187188,387977.483844,398392.65126,369226.230156,376732.24146,..
Total final energy consumption (TFEC) (TJ),1.1_TOTAL.FINAL.ENERGY.CONSUM,Slovenia,SVN,188686.5156,181452.855636,183146.12316,184572.230976,190655.735112,189818.500716,195136.322868,199929.371508,203005.58094,206094.936924,203566.19346,219158.422812,201339.736956,209779.781472,209318.64732,204085.733472,199589.445216,191111.92884,195249.157128,..
Total final energy consumption (TFEC) (TJ),1.1_TOTAL.FINAL.ENERGY.CONSUM,Solomon Islands,SLB,4653.6572,4609.02038,4849.12232,4837.66426,4861.81558,4865.0669,4959.8876,4917.7883,4818.989,4862.8897,4892.839,4868.0115,4912.2125,4974.3755,4978.0745,5000.7255,5024.05,5089.1795,5078.3015,..
Total final energy consumption (TFEC) (TJ),1.1_TOTAL.FINAL.ENERGY.CONSUM,Somalia,SOM,66589.6443,68526.6872,70881.58133,71216.09788,73154.7513414,75919.20697,78407.251205,80605.04775,82655.655345,84946.79308,87667.23877,89774.64327,92024.58927,94678.36827,95630.243,97768.443,103897.07364,107560.924375,104906.428345,..
Total final energy consumption (TFEC) (TJ),1.1_TOTAL.FINAL.ENERGY.CONSUM,South Africa,ZAF,2165101.755156,2168066.093292,2092784.163588,2111486.389848,2101181.000328,2229251.695416,2334852.33732,2474992.613844,2594930.952348,2637461.429712,2732281.39656,2754795.787956,2875716.684684,2674101.791232,2731277.862468,2817154.615176,2960203.377924,2950708.42728,2942891.797284,..
Total final energy consumption (TFEC) (TJ),1.1_TOTAL.FINAL.ENERGY.CONSUM,South Sudan,SSD,0,0,0,0,0,0,0,0,0,0,0,0,0,0,0,22712.427036,22018.129992,22751.48988,17653.6422,..
Total final energy consumption (TFEC) (TJ),1.1_TOTAL.FINAL.ENERGY.CONSUM,Spain,ESP,2726574.536952,2873855.861424,2981686.853556,3186063.402156,3347284.049208,3408736.685436,3630282.714684,3796583.33178,3923414.27352,3824542.907784,3925604.346732,3780877.347072,3508129.391508,3567336.35382,3435926.51826,3294173.737584,3184941.549096,3120649.1739,3159454.362228,..
Total final energy consumption (TFEC) (TJ),1.1_TOTAL.FINAL.ENERGY.CONSUM,Sri Lanka,LKA,273619.437984,279040.7997,296934.094332,302370.612264,296882.889768,300602.484756,311639.01516,318079.904544,334743.703488,336750.227388,343827.719712,329684.625576,331268.40828,364935.764988,372172.983732,402778.701072,370523.719476,379016.433936,414835.554636,..
Total final energy consumption (TFEC) (TJ),1.1_TOTAL.FINAL.ENERGY.CONSUM,St. Helena,SHN,134.062615,131.24644,132.432967,128.937969,119.05254126,121.227621465,110.67077441,54.544611575,91.97857874,79.94332189,109.002298425,85.53868441,76.873637795,96.69228441,92.3134,106.1508,94.363,96.8426,98.4956,..
Total final energy consumption (TFEC) (TJ),1.1_TOTAL.FINAL.ENERGY.CONSUM,St. Kitts and Nevis,KNA,1759.4538,1870.8238,1828.0065,1884.2465,1910.1865,2040.8565,2088.8412,2259.84670252,1962.78670252,1564.17020252,1618.17020252,1627.81020252,1654.89220252,1720.08320252,1778.456799685,1753.651799685,1767.805799685,1789.955799685,1855.612799685,..
Total final energy consumption (TFEC) (TJ),1.1_TOTAL.FINAL.ENERGY.CONSUM,St. Lucia,LCA,2587.9070379,2932.1231322,3072.9211627,3073.40223,3514.18275,2938.22229,3340.6099,3250.52501,3302.47,3339.0075,3432.279185,3491.42395,3594.30946,3695.50668,3739.97743,3739.80221,3743.886375,3792.890755,3812.98052,..
Total final energy consumption (TFEC) (TJ),1.1_TOTAL.FINAL.ENERGY.CONSUM,St. Martin (French part),MAF,0,0,0,0,0,0,0,0,0,0,0,0,0,0,0,0,0,0,0,..
Total final energy consumption (TFEC) (TJ),1.1_TOTAL.FINAL.ENERGY.CONSUM,St. Vincent and the Grenadines,VCT,1574.82281,1931.25417,1865.66078,1680.074795,2000.742795,2218.0787,2302.898375,2550.700955,2472.691305,2428.503935,2444.1723,2455.5837203,3265.2852718,2511.5689198,2331.6607294,2654.6030196,2308.4504639,2367.996,2427.773,..
Total final energy consumption (TFEC) (TJ),1.1_TOTAL.FINAL.ENERGY.CONSUM,Sudan,SDN,289976.386356,291684.558888,302935.537188,307005.90228,319423.11372,337681.999728,343820.727756,358605.28152,382229.258652,425021.11794,414496.465704,423553.393332,445892.399676,478311.085152,464553.09288,412781.8455,417347.13222,425497.115232,436080.005856,..
Total final energy consumption (TFEC) (TJ),1.1_TOTAL.FINAL.ENERGY.CONSUM,Suriname,SUR,0,0,0,22792.185576,22889.65428,17369.9865,17830.618236,18806.938128,20016.379044,20608.141356,20270.978352,21520.068264,21288.873168,23391.902808,22010.677488,25676.513964,23847.719724,25163.044812,25154.671212,..
Total final energy consumption (TFEC) (TJ),1.1_TOTAL.FINAL.ENERGY.CONSUM,Swaziland,SWZ,43802.9193700933,45160.8744485437,46314.9370268819,42778.2953154,39870.0769179,38310.18416,36124.93067,34524.53793,33906.22989,33999.19708,35220.21084,35641.50135,34892.2903,33081.3685,32260.6786,32818.4101,35442.5267,34100.5108,35582.6356,..
Total final energy consumption (TFEC) (TJ),1.1_TOTAL.FINAL.ENERGY.CONSUM,Sweden,SWE,1422155.560536,1434616.314696,1414274.998104,1405377.336348,1379686.294188,1379102.026248,1372073.18454,1362955.757652,1350116.056224,1333078.501644,1338654.900564,1294681.568184,1266641.856828,1371243.9888,1300795.091676,1302068.84184,1268221.159656,1253002.644072,1276695.535932,..
Total final energy consumption (TFEC) (TJ),1.1_TOTAL.FINAL.ENERGY.CONSUM,Switzerland,CHE,761809.487076,781922.623068,798149.864376,787630.822452,812180.333592,791153.470368,816105.039912,821778.865668,833661.422748,826860.510432,800670.778524,829968.037128,814647.949776,849291.75198,782009.289828,811383.920496,830848.4793,761255.782776,772440.400296,..
Total final energy consumption (TFEC) (TJ),1.1_TOTAL.FINAL.ENERGY.CONSUM,Syrian Arab Republic,SYR,339739.686324,370698.392772,344970.841716,346092.778512,367458.563196,361683.751824,347926.471308,390877.34526,506655.135,534860.894844,556953.968556,563440.661532,477937.957536,497028.760704,462983.712768,344803.579056,282043.488924,269130.309156,249253.978572,..
Total final energy consumption (TFEC) (TJ),1.1_TOTAL.FINAL.ENERGY.CONSUM,"Taiwan, China",TWN,1491064.9713,1559980.662264,1615799.79162,1711312.129584,1714311.511236,1800066.218724,1826781.603372,1893136.521852,1922179.097412,1940088.720564,1957540.810212,1875726.38394,1807268.393952,1938621.079692,1975544.971308,1930258.365372,1969976.024892,1962334.863684,1966531.083984,..
Total final energy consumption (TFEC) (TJ),1.1_TOTAL.FINAL.ENERGY.CONSUM,Tajikistan,TJK,74408.730696,78527.076516,77822.521812,75350.760696,74231.252244,75571.153848,76289.608728,81899.711388,81377.99424,84656.0493,96394.957272,91901.641644,79323.364008,81883.75968,81959.54076,89233.47774,83626.054632,96193.488456,98813.964708,..
Total final energy consumption (TFEC) (TJ),1.1_TOTAL.FINAL.ENERGY.CONSUM,Tanzania,TZA,427661.146548,452682.133236,473441.166864,505001.307132,527863.747212,552509.052336,572921.460792,594961.404012,620270.065728,640607.6142,664093.217592,690349.854564,707702.926392,745259.862168,787012.767036,833886.923796,862323.543792,896522.20542,938634.170256,..
Total final energy consumption (TFEC) (TJ),1.1_TOTAL.FINAL.ENERGY.CONSUM,Thailand,THA,1955858.051556,1761519.858372,1859270.250276,1881672.770376,1922309.851176,2070748.951452,2194291.287396,2376406.913472,2421975.165444,2450006.335728,2495215.234656,2570943.435372,2625037.56126,2797820.893872,2795679.848088,3031807.413168,3039774.809832,3080871.266328,3157978.766436,..
Total final energy consumption (TFEC) (TJ),1.1_TOTAL.FINAL.ENERGY.CONSUM,Timor-Leste,TLS,0,0,0,0,0,3142.64,3050.923,3192.4765,3104.607,3099.997,2973.1205,3015.9445,3111.8755,3162.6935,3217.112,3952.904,4486.583,5023.0755,4862.325,..
Total final energy consumption (TFEC) (TJ),1.1_TOTAL.FINAL.ENERGY.CONSUM,Togo,TGO,43970.694696,46216.661688,55035.109188,53531.043156,51236.006868,55149.073884,59845.156236,59615.259048,60480.4194,59805.256032,61707.277404,66305.681712,86537.17854,84967.296012,84889.798344,83241.831996,85847.905656,89140.53078,92564.453952,..
Total final energy consumption (TFEC) (TJ),1.1_TOTAL.FINAL.ENERGY.CONSUM,Tonga,TON,1129.60753,1139.087465,1358.865845,1189.72528,1087.89789,1181.834635,1450.20338,1354.89426,1337.047905,1569.416825,1346.06051,1441.43477,1577.09367,1310.343665,1170.113285,1178.076411,1261.034295,1251.83277,1264.108525,..
Total final energy consumption (TFEC) (TJ),1.1_TOTAL.FINAL.ENERGY.CONSUM,Trinidad and Tobago,TTO,70397.190144,71970.757056,74396.128428,84818.91582,97453.757124,101912.071104,99519.356772,100039.81788,115956.231156,110984.406156,161908.99884,162036.90558,145616.904,153885.582792,141679.42794,155689.884252,161268.460308,176368.74066,171888.069168,..
Total final energy consumption (TFEC) (TJ),1.1_TOTAL.FINAL.ENERGY.CONSUM,Tunisia,TUN,194713.4142,202539.841308,211151.460888,223033.641156,231272.468064,234446.857956,252356.02056,264676.9356,268323.722136,273439.573056,281704.902408,285128.951184,284024.389608,301885.194672,288075.746628,299118.975912,299472.17436,310861.149588,318320.687412,..
Total final energy consumption (TFEC) (TJ),1.1_TOTAL.FINAL.ENERGY.CONSUM,Turkey,TUR,2054243.036736,2036968.760484,2009886.31908,2277081.740484,2036230.753248,2232953.58024,2386685.423736,2465450.812908,2558487.95658,2797242.52932,2962507.792644,2895616.461348,2787172.814772,2959162.497576,3163166.797788,3361427.687628,3275264.97648,3353645.514996,3629552.494896,..
Total final energy consumption (TFEC) (TJ),1.1_TOTAL.FINAL.ENERGY.CONSUM,Turkmenistan,TKM,346979.124072,365246.258076,416917.859616,386063.488224,389039.716872,410135.411088,471600.021564,496317.71646,503381.26674,512009.926596,599810.59764,589893.868764,539619.988536,607783.646484,674301.138408,701220.629556,726125.265072,746409.557448,753232.869144,..
Total final energy consumption (TFEC) (TJ),1.1_TOTAL.FINAL.ENERGY.CONSUM,Turks and Caicos Islands,TCA,391.987945,416.078875,462.64255,511.5838,544.096245,637.62338,666.568785,681.10715,781.870825,864.891405,947.930255,987.21003,973.98011,1039.22846,1040.28937,1049.28937,1068.184005,1147.096815,1185.422585,..
Total final energy consumption (TFEC) (TJ),1.1_TOTAL.FINAL.ENERGY.CONSUM,Tuvalu,TUV,56.216,60.568,60.893,61.683,62.113,64.59,64.195,69.74,70.178,70.6467,77.4487,65.7718,66.0958,66.6022,66.4494,72.2414,72.2414,76.6714,88.266,..
Total final energy consumption (TFEC) (TJ),1.1_TOTAL.FINAL.ENERGY.CONSUM,Uganda,UGA,256960.15790259,265048.792713185,272369.946610595,286091.05664869,311237.05605465,321470.416390595,333664.424452485,345021.886699685,360927.418020115,373537.77587539,386918.21223243,400530.28046142,413857.894993905,430226.790831875,446446.13397476,462026.370428565,485746.221284029,506023.63267753,528879.23582201,..
Total final energy consumption (TFEC) (TJ),1.1_TOTAL.FINAL.ENERGY.CONSUM,Ukraine,UKR,3452852.243412,3142271.525688,3107865.701196,2978131.96728,3017270.59236,3061787.915664,3166804.205892,3177952.02144,3108192.941484,3110946.013692,3250180.643508,3164056.743996,2651016.822732,2862960.258708,2917716.44328,2781156.84372,2727453.555612,2425477.29804,1989251.04726,..
Total final energy consumption (TFEC) (TJ),1.1_TOTAL.FINAL.ENERGY.CONSUM,United Arab Emirates,ARE,968074.282476,977518.112292,988724.249964,927510.889356,1094810.644404,1063553.084172,1067511.912912,1041348.181032,1110509.888364,1126115.976024,1317103.808112,1535192.294184,1736676.810684,1823114.971404,1881538.960248,1936294.684272,2068864.93332,1999142.5716,2093160.891852,..
Total final energy consumption (TFEC) (TJ),1.1_TOTAL.FINAL.ENERGY.CONSUM,United Kingdom,GBR,5684074.330644,5694085.05318,5798368.234728,5827733.821908,5891949.45306,5738773.323528,5784580.474308,5804854.38342,5755949.586792,5660371.222992,5569807.138344,5587780.358988,5194740.029112,5454398.415024,4966001.119332,5128160.153868,5148987.3486,4851580.857624,4926228.068448,..
Total final energy consumption (TFEC) (TJ),1.1_TOTAL.FINAL.ENERGY.CONSUM,United States,USA,53885417.299308,53983231.79112,55803530.134692,58330543.361724,57219712.597008,57240371.733588,58069490.897016,58840911.057888,58889188.253196,58707586.933632,59567475.183336,58277353.040352,55341324.496836,57655200.547476,57123701.653032,56628804.852756,57984073.561872,59116385.164536,58483061.912448,..
Total final energy consumption (TFEC) (TJ),1.1_TOTAL.FINAL.ENERGY.CONSUM,Uruguay,URY,102167.675244,105096.090636,106966.124856,102193.92648,99862.130088,94784.420916,92729.162664,95713.011288,97447.895604,102615.662844,109136.603844,129545.369784,134053.632288,149229.819324,153087.41124,155389.481352,162632.436012,172554.7752,184450.93938,..
Total final energy consumption (TFEC) (TJ),1.1_TOTAL.FINAL.ENERGY.CONSUM,Uzbekistan,UZB,1231254.813888,1463745.598884,1492522.354512,1481601.044844,1497142.1115,1558806.599808,1498018.1994,1455557.7672,1388859.991668,1419114.520224,1420562.776212,1460677.302504,1259803.849464,1228856.238036,1365653.14542,1410093.557208,1204491.406644,1223015.107752,1169202.041748,..
Total final energy consumption (TFEC) (TJ),1.1_TOTAL.FINAL.ENERGY.CONSUM,Vanuatu,VUT,1072.43088,986.20309,1670.76203,1678.13618,1721.19117,1571.33365,1625.372941,1279.88072,1275.6341851,1177.9860223,1942.7401158,1791.0806352,2201.9158443,2234.2990984,2341.6795,2142.4168,2027.427,2684.1015,2418.6033,..
Total final energy consumption (TFEC) (TJ),1.1_TOTAL.FINAL.ENERGY.CONSUM,"Venezuela, RB",VEN,1303285.10724,1314770.211396,1284094.030212,1295224.219332,1366500.428136,1408835.38194,1410191.863272,1517016.43242,1622786.179176,1505183.153976,1404179.409132,1770000.807924,1770743.923056,2015146.070316,1835899.909488,1996977.996,1860913.90422,1799706.740076,1522150.872732,..
Total final energy consumption (TFEC) (TJ),1.1_TOTAL.FINAL.ENERGY.CONSUM,Vietnam,VNM,920328.433956,965787.284844,997968.118212,1044885.147804,1108884.949416,1191377.093004,1266749.038908,1386476.19522,1438017.294204,1457556.252444,1561190.019444,1689681.990348,1828289.898072,1925182.917072,1969393.599144,1999290.240036,2063887.121196,2167386.40818,2286349.138548,..
Total final energy consumption (TFEC) (TJ),1.1_TOTAL.FINAL.ENERGY.CONSUM,Virgin Islands (U.S.),VIR,3369.6,3096,3096,3096,3132,3132,3168,3189.6,2921.2488,2934.3564,2966.3028,2932.8984,2780.7372,2890.5912,2864.88,2606.112,2449.944,2307.7224,2359.8,..
Total final energy consumption (TFEC) (TJ),1.1_TOTAL.FINAL.ENERGY.CONSUM,West Bank and Gaza,PSE,25691.7139127789,27223.3629568564,28348.7257724343,25927.1310048738,26964.9915,30655.963,34648.28,33618.683,33202.2665,32891.5435,34962.364,33559.187,40386.4255,43474.437,40719.999,48423.32,50130.199,64292.3725,63990.57,..
Total final energy consumption (TFEC) (TJ),1.1_TOTAL.FINAL.ENERGY.CONSUM,Western Sahara,ESH,0,0,0,0,0,0,0,0,0,0,0,0,0,0,0,0,0,0,0,..
Total final energy consumption (TFEC) (TJ),1.1_TOTAL.FINAL.ENERGY.CONSUM,"Yemen, Rep.",YEM,112368.729708,121610.42082,130104.851868,136443.290256,149629.574988,153813.527964,182751.056712,192537.617976,203152.914432,201673.75986,207218.046024,222475.122036,239288.934024,220556.64654,191939.44986,168698.606796,247869.027,243441.862812,106887.32928,..
Total final energy consumption (TFEC) (TJ),1.1_TOTAL.FINAL.ENERGY.CONSUM,Zambia,ZMB,198209.727144,199449.7317,202050.027576,208857.596904,216000.98946,222588.91926,230152.205988,237125.90754,245656.596276,251498.605788,248957.929944,255453.038388,263847.9492,275145.359112,289479.245724,313242.810768,324106.67754,332463.907152,342874.63656,..
Total final energy consumption (TFEC) (TJ),1.1_TOTAL.FINAL.ENERGY.CONSUM,Zimbabwe,ZWE,343268.363232,347106.067848,379962.064584,361585.362024,350181.104976,345534.259392,342444.526596,328653.919152,337951.252836,355827.465324,361194.147432,346045.886352,346388.869008,353016.070992,373974.60564,390599.927892,391107.493656,395183.343456,396615.270924,..
,,,,,,,,,,,,,,,,,,,,,,,
,,,,,,,,,,,,,,,,,,,,,,,
,,,,,,,,,,,,,,,,,,,,,,,
Data from database: Sustainable Energy for All,,,,,,,,,,,,,,,,,,,,,,,
Last Updated: 06/30/2018,,,,,,,,,,,,,,,,,,,,,,,
